配信日,曲名,歌手名,配信タイトル,再生時間,YouTubeリンク
2023/09/12,LADY,米津玄師,【歌枠 / Singing】たのしく！【音乃瀬奏】,00:05:23,https://www.youtube.com/live/U-Cs4R1yM3g?si=b8oYt6BWALve6hWo&t=323&t=323s
2023/09/12,ピースサイン,米津玄師,【歌枠 / Singing】たのしく！【音乃瀬奏】,00:12:40,https://www.youtube.com/live/U-Cs4R1yM3g?si=b8oYt6BWALve6hWo&t=760&t=760s
2023/09/12,愛を伝えたいだとか,あいみょん,【歌枠 / Singing】たのしく！【音乃瀬奏】,00:18:49,https://www.youtube.com/live/U-Cs4R1yM3g?si=b8oYt6BWALve6hWo&t=1129&t=1129s
2023/09/12,KICK BACK,米津玄師,【歌枠 / Singing】たのしく！【音乃瀬奏】,00:28:02,https://www.youtube.com/live/U-Cs4R1yM3g?si=b8oYt6BWALve6hWo&t=1682&t=1682s
2023/09/12,神っぽいな,ピノキオピー feat. 初音ミク,【歌枠 / Singing】たのしく！【音乃瀬奏】,00:32:42,https://www.youtube.com/live/U-Cs4R1yM3g?si=b8oYt6BWALve6hWo&t=1962&t=1962s
2023/09/12,踊,Ado,【歌枠 / Singing】たのしく！【音乃瀬奏】,00:37:46,https://www.youtube.com/live/U-Cs4R1yM3g?si=b8oYt6BWALve6hWo&t=2266&t=2266s
2023/09/12,ロキ,みきとP feat. 鏡音リン,【歌枠 / Singing】たのしく！【音乃瀬奏】,00:42:37,https://www.youtube.com/live/U-Cs4R1yM3g?si=b8oYt6BWALve6hWo&t=2557&t=2557s
2023/09/12,アイドル,YOASOBI,【歌枠 / Singing】たのしく！【音乃瀬奏】,00:50:02,https://www.youtube.com/live/U-Cs4R1yM3g?si=b8oYt6BWALve6hWo&t=3002&t=3002s
2023/09/12,星座になれたら,結束バンド,【歌枠 / Singing】たのしく！【音乃瀬奏】,00:56:25,https://www.youtube.com/live/U-Cs4R1yM3g?si=b8oYt6BWALve6hWo&t=3385&t=3385s
2023/09/17,I love you,クリスハート,【歌枠 / Singing】歌います！！！ReGLOSS歌枠リレー【音乃瀬奏】,00:08:34,https://www.youtube.com/live/OSnR4RVn99c?si=J9pIIdLtDzfuuU_4&t=514&t=514s
2023/09/17,ニア,夏代孝明,【歌枠 / Singing】歌います！！！ReGLOSS歌枠リレー【音乃瀬奏】,00:21:49,https://www.youtube.com/live/OSnR4RVn99c?si=J9pIIdLtDzfuuU_4&t=1309&t=1309s
2023/09/17,ノーダウト,Official髭男dism,【歌枠 / Singing】歌います！！！ReGLOSS歌枠リレー【音乃瀬奏】,00:32:04,https://www.youtube.com/live/OSnR4RVn99c?si=J9pIIdLtDzfuuU_4&t=1924&t=1924s
2023/09/17,青空のラプソディ,fhána,【歌枠 / Singing】歌います！！！ReGLOSS歌枠リレー【音乃瀬奏】,00:38:57,https://www.youtube.com/live/OSnR4RVn99c?si=J9pIIdLtDzfuuU_4&t=2337&t=2337s
2023/09/17,Shiny Smaily Story,hololive IDOL PROJECT,【歌枠 / Singing】歌います！！！ReGLOSS歌枠リレー【音乃瀬奏】,00:48:28,https://www.youtube.com/live/OSnR4RVn99c?si=J9pIIdLtDzfuuU_4&t=2908&t=2908s
2023/09/20,ドライフラワー,優里,【歌枠 / Singing】おしとやかな歌枠【音乃瀬奏】,00:03:45,https://www.youtube.com/live/NIYGzltMSdw?si=d2XB6lBQvOjn0ad4&t=225&t=225s
2023/09/20,カタオモイ,Aimer,【歌枠 / Singing】おしとやかな歌枠【音乃瀬奏】,00:13:45,https://www.youtube.com/live/NIYGzltMSdw?si=d2XB6lBQvOjn0ad4&t=825&t=825s
2023/09/20,別の人の彼女になったよ,wacci,【歌枠 / Singing】おしとやかな歌枠【音乃瀬奏】,00:19:25,https://www.youtube.com/live/NIYGzltMSdw?si=d2XB6lBQvOjn0ad4&t=1165&t=1165s
2023/09/20,真赤,My Hair is Bad,【歌枠 / Singing】おしとやかな歌枠【音乃瀬奏】,00:28:31,https://www.youtube.com/live/NIYGzltMSdw?si=d2XB6lBQvOjn0ad4&t=1711&t=1711s
2023/09/20,瞬き,back number,【歌枠 / Singing】おしとやかな歌枠【音乃瀬奏】,00:36:11,https://www.youtube.com/live/NIYGzltMSdw?si=d2XB6lBQvOjn0ad4&t=2171&t=2171s
2023/09/20,ニア,夏代孝明,【歌枠 / Singing】おしとやかな歌枠【音乃瀬奏】,00:44:26,https://www.youtube.com/live/NIYGzltMSdw?si=d2XB6lBQvOjn0ad4&t=2666&t=2666s
2023/09/20,アイネクライネ（アカペラ）,米津玄師,【歌枠 / Singing】おしとやかな歌枠【音乃瀬奏】,00:56:55,https://www.youtube.com/live/NIYGzltMSdw?si=d2XB6lBQvOjn0ad4&t=3415&t=3415s
2023/09/20,アイネクライネ,米津玄師,【歌枠 / Singing】おしとやかな歌枠【音乃瀬奏】,00:57:32,https://www.youtube.com/live/NIYGzltMSdw?si=d2XB6lBQvOjn0ad4&t=3452&t=3452s
2023/09/20,雨とカプチーノ,ヨルシカ,【歌枠 / Singing】おしとやかな歌枠【音乃瀬奏】,01:08:00,https://www.youtube.com/live/NIYGzltMSdw?si=d2XB6lBQvOjn0ad4&t=4080&t=4080s
2023/09/20,だから僕は音楽をやめた,ヨルシカ,【歌枠 / Singing】おしとやかな歌枠【音乃瀬奏】,01:14:05,https://www.youtube.com/live/NIYGzltMSdw?si=d2XB6lBQvOjn0ad4&t=4445&t=4445s
2023/09/28,瞬間ハートビート,ReGLOSS,【収益化/歌枠】おまえらありがとうございます🙇‍♀️😢【音乃瀬奏】,00:11:46,https://www.youtube.com/live/gZIS-GATJFw?si=TuY6zV7C_4Ht6J4W&t=706&t=706s
2023/09/28,ワールドイズマイン,ryo (supercell),【収益化/歌枠】おまえらありがとうございます🙇‍♀️😢【音乃瀬奏】,00:17:04,https://www.youtube.com/live/gZIS-GATJFw?si=TuY6zV7C_4Ht6J4W&t=1024&t=1024s
2023/09/28,天ノ弱,164,【収益化/歌枠】おまえらありがとうございます🙇‍♀️😢【音乃瀬奏】,00:23:48,https://www.youtube.com/live/gZIS-GATJFw?si=TuY6zV7C_4Ht6J4W&t=1428&t=1428s
2023/09/28,コネクト,ClariS,【収益化/歌枠】おまえらありがとうございます🙇‍♀️😢【音乃瀬奏】,00:29:01,https://www.youtube.com/live/gZIS-GATJFw?si=TuY6zV7C_4Ht6J4W&t=1741&t=1741s
2023/09/28,プラチナ,坂本真綾,【収益化/歌枠】おまえらありがとうございます🙇‍♀️😢【音乃瀬奏】,00:34:20,https://www.youtube.com/live/gZIS-GATJFw?si=TuY6zV7C_4Ht6J4W&t=2060&t=2060s
2023/09/28,鱗,秦基博,【収益化/歌枠】おまえらありがとうございます🙇‍♀️😢【音乃瀬奏】,00:40:04,https://www.youtube.com/live/gZIS-GATJFw?si=TuY6zV7C_4Ht6J4W&t=2404&t=2404s
2023/09/28,daze,じん,【収益化/歌枠】おまえらありがとうございます🙇‍♀️😢【音乃瀬奏】,00:47:36,https://www.youtube.com/live/gZIS-GATJFw?si=TuY6zV7C_4Ht6J4W&t=2856&t=2856s
2023/09/28,ギターと孤独と蒼い惑星,結束バンド,【収益化/歌枠】おまえらありがとうございます🙇‍♀️😢【音乃瀬奏】,00:52:19,https://www.youtube.com/live/gZIS-GATJFw?si=TuY6zV7C_4Ht6J4W&t=3139&t=3139s
2023/09/28,光るなら,Goose house,【収益化/歌枠】おまえらありがとうございます🙇‍♀️😢【音乃瀬奏】,00:57:15,https://www.youtube.com/live/gZIS-GATJFw?si=TuY6zV7C_4Ht6J4W&t=3435&t=3435s
2023/09/28,キラメキライダー☆,hololive IDOL PROJECT,【収益化/歌枠】おまえらありがとうございます🙇‍♀️😢【音乃瀬奏】,01:03:25,https://www.youtube.com/live/gZIS-GATJFw?si=TuY6zV7C_4Ht6J4W&t=3805&t=3805s
2023/10/04,またねがあれば,risou,【歌枠 / Singing】ボカロ縛りの歌枠【音乃瀬奏】,00:05:51,https://www.youtube.com/live/HIIR1KROS9w?si=hEX0S-b4W2ovybYk&t=351&t=351s
2023/10/04,No Logic,ジミーサムP,【歌枠 / Singing】ボカロ縛りの歌枠【音乃瀬奏】,00:12:45,https://www.youtube.com/live/HIIR1KROS9w?si=hEX0S-b4W2ovybYk&t=765&t=765s
2023/10/04,ルーマー,ポリスピカデリー,【歌枠 / Singing】ボカロ縛りの歌枠【音乃瀬奏】,00:20:05,https://www.youtube.com/live/HIIR1KROS9w?si=hEX0S-b4W2ovybYk&t=1205&t=1205s
2023/10/04,恋愛裁判,40mP,【歌枠 / Singing】ボカロ縛りの歌枠【音乃瀬奏】,00:24:56,https://www.youtube.com/live/HIIR1KROS9w?si=hEX0S-b4W2ovybYk&t=1496&t=1496s
2023/10/04,ベノム,かいりきベア,【歌枠 / Singing】ボカロ縛りの歌枠【音乃瀬奏】,00:29:42,https://www.youtube.com/live/HIIR1KROS9w?si=hEX0S-b4W2ovybYk&t=1782&t=1782s
2023/10/04,夜明けと蛍,n-buna,【歌枠 / Singing】ボカロ縛りの歌枠【音乃瀬奏】,00:34:34,https://www.youtube.com/live/HIIR1KROS9w?si=hEX0S-b4W2ovybYk&t=2074&t=2074s
2023/10/04,メリュー,n-buna,【歌枠 / Singing】ボカロ縛りの歌枠【音乃瀬奏】,00:40:59,https://www.youtube.com/live/HIIR1KROS9w?si=hEX0S-b4W2ovybYk&t=2459&t=2459s
2023/10/04,ゴーストルール,DECO*27,【歌枠 / Singing】ボカロ縛りの歌枠【音乃瀬奏】,00:47:16,https://www.youtube.com/live/HIIR1KROS9w?si=hEX0S-b4W2ovybYk&t=2836&t=2836s
2023/10/04,-ERROR,niki,【歌枠 / Singing】ボカロ縛りの歌枠【音乃瀬奏】,00:52:44,https://www.youtube.com/live/HIIR1KROS9w?si=hEX0S-b4W2ovybYk&t=3164&t=3164s
2023/10/11,変わらないもの,奥華子,【歌枠 / Singing】たのしく歌います！【音乃瀬奏】,00:04:07,https://www.youtube.com/live/r23hvAEALr4?si=TqkUtwti-YKPlhCF&t=247&t=247s
2023/10/11,打上花火,DAOKO × 米津玄師,【歌枠 / Singing】たのしく歌います！【音乃瀬奏】,00:09:24,https://www.youtube.com/live/r23hvAEALr4?si=TqkUtwti-YKPlhCF&t=564&t=564s
2023/10/11,夏祭り,Whiteberry,【歌枠 / Singing】たのしく歌います！【音乃瀬奏】,00:14:54,https://www.youtube.com/live/r23hvAEALr4?si=TqkUtwti-YKPlhCF&t=894&t=894s
2023/10/11,DADDY! DADDY! DO!,鈴木雅之 feat. 鈴木愛理,【歌枠 / Singing】たのしく歌います！【音乃瀬奏】,00:20:15,https://www.youtube.com/live/r23hvAEALr4?si=TqkUtwti-YKPlhCF&t=1215&t=1215s
2023/10/11,オトナブルー,新しい学校のリーダーズ,【歌枠 / Singing】たのしく歌います！【音乃瀬奏】,00:26:23,https://www.youtube.com/live/r23hvAEALr4?si=TqkUtwti-YKPlhCF&t=1583&t=1583s
2023/10/11,きらり,藤井 風,【歌枠 / Singing】たのしく歌います！【音乃瀬奏】,00:32:44,https://www.youtube.com/live/r23hvAEALr4?si=TqkUtwti-YKPlhCF&t=1964&t=1964s
2023/10/11,恋,星野源,【歌枠 / Singing】たのしく歌います！【音乃瀬奏】,00:40:04,https://www.youtube.com/live/r23hvAEALr4?si=TqkUtwti-YKPlhCF&t=2404&t=2404s
2023/10/11,No.1,西野カナ,【歌枠 / Singing】たのしく歌います！【音乃瀬奏】,00:48:17,https://www.youtube.com/live/r23hvAEALr4?si=TqkUtwti-YKPlhCF&t=2897&t=2897s
2023/10/11,Mela!,緑黄色社会,【歌枠 / Singing】たのしく歌います！【音乃瀬奏】,00:53:57,https://www.youtube.com/live/r23hvAEALr4?si=TqkUtwti-YKPlhCF&t=3237&t=3237s
2023/10/11,REALiZE,LiSA,【歌枠 / Singing】たのしく歌います！【音乃瀬奏】,00:58:31,https://www.youtube.com/live/r23hvAEALr4?si=TqkUtwti-YKPlhCF&t=3511&t=3511s
2023/10/18,怪獣の花唄,Vaundy,【歌枠 / Singing】しっとり、歌います【音乃瀬奏】,00:05:14,https://www.youtube.com/live/XT6ITvtd3TA?si=DHWwfFebRTyQw2hI&t=314&t=314s
2023/10/18,灰色と青,米津玄師 × 菅田将暉,【歌枠 / Singing】しっとり、歌います【音乃瀬奏】,00:13:40,https://www.youtube.com/live/XT6ITvtd3TA?si=DHWwfFebRTyQw2hI&t=820&t=820s
2023/10/18,藍二乗,ヨルシカ,【歌枠 / Singing】しっとり、歌います【音乃瀬奏】,00:22:36,https://www.youtube.com/live/XT6ITvtd3TA?si=DHWwfFebRTyQw2hI&t=1356&t=1356s
2023/10/18,RAIN,SEKAI NO OWARI,【歌枠 / Singing】しっとり、歌います【音乃瀬奏】,00:28:37,https://www.youtube.com/live/XT6ITvtd3TA?si=DHWwfFebRTyQw2hI&t=1717&t=1717s
2023/10/18,マリーゴールド,あいみょん,【歌枠 / Singing】しっとり、歌います【音乃瀬奏】,00:36:34,https://www.youtube.com/live/XT6ITvtd3TA?si=DHWwfFebRTyQw2hI&t=2194&t=2194s
2023/10/18,たばこ,コレサワ,【歌枠 / Singing】しっとり、歌います【音乃瀬奏】,00:42:50,https://www.youtube.com/live/XT6ITvtd3TA?si=DHWwfFebRTyQw2hI&t=2570&t=2570s
2023/10/18,鱗,秦 基博,【歌枠 / Singing】しっとり、歌います【音乃瀬奏】,00:49:41,https://www.youtube.com/live/XT6ITvtd3TA?si=DHWwfFebRTyQw2hI&t=2981&t=2981s
2023/10/18,ベテルギウス,優里,【歌枠 / Singing】しっとり、歌います【音乃瀬奏】,00:56:22,https://www.youtube.com/live/XT6ITvtd3TA?si=DHWwfFebRTyQw2hI&t=3382&t=3382s
2023/10/18,いのちの名前,木村弓,【歌枠 / Singing】しっとり、歌います【音乃瀬奏】,01:01:25,https://www.youtube.com/live/XT6ITvtd3TA?si=DHWwfFebRTyQw2hI&t=3685&t=3685s
2023/10/25,四季ノ唄,MINMI,【歌枠 / Singing】夜に聞きたい歌【音乃瀬奏】,00:04:49,https://www.youtube.com/live/4vNBqHltAXs?si=FuqbknV_KaRMt98p&t=289&t=289s
2023/10/25,One Last Kiss,宇多田ヒカル,【歌枠 / Singing】夜に聞きたい歌【音乃瀬奏】,00:11:25,https://www.youtube.com/live/4vNBqHltAXs?si=FuqbknV_KaRMt98p&t=685&t=685s
2023/10/25,寄り酔い,和ぬか,【歌枠 / Singing】夜に聞きたい歌【音乃瀬奏】,00:18:10,https://www.youtube.com/live/4vNBqHltAXs?si=FuqbknV_KaRMt98p&t=1090&t=1090s
2023/10/25,Pop Virus,星野源,【歌枠 / Singing】夜に聞きたい歌【音乃瀬奏】,00:23:10,https://www.youtube.com/live/4vNBqHltAXs?si=FuqbknV_KaRMt98p&t=1390&t=1390s
2023/10/25,プラスティック・ラブ,竹内まりや,【歌枠 / Singing】夜に聞きたい歌【音乃瀬奏】,00:28:39,https://www.youtube.com/live/4vNBqHltAXs?si=FuqbknV_KaRMt98p&t=1719&t=1719s
2023/10/25,真夜中のドア〜stay With Me,松原みき,【歌枠 / Singing】夜に聞きたい歌【音乃瀬奏】,00:34:47,https://www.youtube.com/live/4vNBqHltAXs?si=FuqbknV_KaRMt98p&t=2087&t=2087s
2023/10/25,RIDE ON TIME,山下達郎,【歌枠 / Singing】夜に聞きたい歌【音乃瀬奏】,00:41:33,https://www.youtube.com/live/4vNBqHltAXs?si=FuqbknV_KaRMt98p&t=2493&t=2493s
2023/10/25,東京フラッシュ,Vaundy,【歌枠 / Singing】夜に聞きたい歌【音乃瀬奏】,00:47:21,https://www.youtube.com/live/4vNBqHltAXs?si=FuqbknV_KaRMt98p&t=2841&t=2841s
2023/10/25,春雷,米津玄師,【歌枠 / Singing】夜に聞きたい歌【音乃瀬奏】,00:54:09,https://www.youtube.com/live/4vNBqHltAXs?si=FuqbknV_KaRMt98p&t=3249&t=3249s
2023/10/25,新宝島,サカナクション,【歌枠 / Singing】夜に聞きたい歌【音乃瀬奏】,01:00:03,https://www.youtube.com/live/4vNBqHltAXs?si=FuqbknV_KaRMt98p&t=3603&t=3603s
2023/10/29,ハロ／ハワユ,ナノウ,【歌枠 / Singing】ボカロ縛り ReGLOSS歌枠リレー【音乃瀬奏】,00:01:23,https://www.youtube.com/live/R7WkWL1zk2g?si=eN0oAINtUwGoD1V7&t=83&t=83s
2023/10/29,ホシアイ,レフティーモンスターP,【歌枠 / Singing】ボカロ縛り ReGLOSS歌枠リレー【音乃瀬奏】,00:07:38,https://www.youtube.com/live/R7WkWL1zk2g?si=eN0oAINtUwGoD1V7&t=458&t=458s
2023/10/29,ブラック★ロックシューター,ryo,【歌枠 / Singing】ボカロ縛り ReGLOSS歌枠リレー【音乃瀬奏】,00:14:00,https://www.youtube.com/live/R7WkWL1zk2g?si=eN0oAINtUwGoD1V7&t=840&t=840s
2023/10/29,心做し,蝶々P,【歌枠 / Singing】ボカロ縛り ReGLOSS歌枠リレー【音乃瀬奏】,00:19:58,https://www.youtube.com/live/R7WkWL1zk2g?si=eN0oAINtUwGoD1V7&t=1198&t=1198s
2023/10/29,贖罪,傘村トータ,【歌枠 / Singing】ボカロ縛り ReGLOSS歌枠リレー【音乃瀬奏】,00:25:02,https://www.youtube.com/live/R7WkWL1zk2g?si=eN0oAINtUwGoD1V7&t=1502&t=1502s
2023/11/01,花に亡霊,ヨルシカ,【歌枠 / Singing】11月になったね【音乃瀬奏】,00:04:41,https://www.youtube.com/live/HFY3mVm9fPg?si=nOquUHZQ1_e1PafE&t=281&t=281s
2023/11/01,青のすみか,キタニタツヤ,【歌枠 / Singing】11月になったね【音乃瀬奏】,00:12:27,https://www.youtube.com/live/HFY3mVm9fPg?si=nOquUHZQ1_e1PafE&t=747&t=747s
2023/11/01,勘冴えて悔しいわ,ずっと真夜中でいいのに。,【歌枠 / Singing】11月になったね【音乃瀬奏】,00:20:37,https://www.youtube.com/live/HFY3mVm9fPg?si=nOquUHZQ1_e1PafE&t=1237&t=1237s
2023/11/01,Mela!,緑黄色社会,【歌枠 / Singing】11月になったね【音乃瀬奏】,00:26:54,https://www.youtube.com/live/HFY3mVm9fPg?si=nOquUHZQ1_e1PafE&t=1614&t=1614s
2023/11/01,U,millennium parade × Belle,【歌枠 / Singing】11月になったね【音乃瀬奏】,00:31:43,https://www.youtube.com/live/HFY3mVm9fPg?si=nOquUHZQ1_e1PafE&t=1903&t=1903s
2023/11/01,Pretender,Official髭男dism,【歌枠 / Singing】11月になったね【音乃瀬奏】,00:41:00,https://www.youtube.com/live/HFY3mVm9fPg?si=nOquUHZQ1_e1PafE&t=2460&t=2460s
2023/11/01,secret base～君がくれたもの～,ZONE,【歌枠 / Singing】11月になったね【音乃瀬奏】,00:47:31,https://www.youtube.com/live/HFY3mVm9fPg?si=nOquUHZQ1_e1PafE&t=2851&t=2851s
2023/11/01,なんでもないや,RADWIMPS,【歌枠 / Singing】11月になったね【音乃瀬奏】,00:53:54,https://www.youtube.com/live/HFY3mVm9fPg?si=nOquUHZQ1_e1PafE&t=3234&t=3234s
2023/11/08,天体観測,BUMP OF CHICKEN,【歌枠 / Singing】収録用マイクで歌います【音乃瀬奏】,00:04:09,https://www.youtube.com/live/E5_kcFeb4w8?si=1ttBjueicVKU_Rqv&t=249&t=249s
2023/11/08,星座になれたら,結束バンド,【歌枠 / Singing】収録用マイクで歌います【音乃瀬奏】,00:10:53,https://www.youtube.com/live/E5_kcFeb4w8?si=1ttBjueicVKU_Rqv&t=653&t=653s
2023/11/08,夜に駆ける,YOASOBI,【歌枠 / Singing】収録用マイクで歌います【音乃瀬奏】,00:17:44,https://www.youtube.com/live/E5_kcFeb4w8?si=1ttBjueicVKU_Rqv&t=1064&t=1064s
2023/11/08,orion,米津玄師,【歌枠 / Singing】収録用マイクで歌います【音乃瀬奏】,00:24:09,https://www.youtube.com/live/E5_kcFeb4w8?si=1ttBjueicVKU_Rqv&t=1449&t=1449s
2023/11/08,ステラ,じん,【歌枠 / Singing】収録用マイクで歌います【音乃瀬奏】,00:30:30,https://www.youtube.com/live/E5_kcFeb4w8?si=1ttBjueicVKU_Rqv&t=1830&t=1830s
2023/11/08,ノーチラス,ヨルシカ,【歌枠 / Singing】収録用マイクで歌います【音乃瀬奏】,00:36:04,https://www.youtube.com/live/E5_kcFeb4w8?si=1ttBjueicVKU_Rqv&t=2164&t=2164s
2023/11/08,夜明けと蛍,n-buna,【歌枠 / Singing】収録用マイクで歌います【音乃瀬奏】,00:42:09,https://www.youtube.com/live/E5_kcFeb4w8?si=1ttBjueicVKU_Rqv&t=2529&t=2529s
2023/11/08,なんでもないや,RADWIMPS,【歌枠 / Singing】収録用マイクで歌います【音乃瀬奏】,00:49:43,https://www.youtube.com/live/E5_kcFeb4w8?si=1ttBjueicVKU_Rqv&t=2983&t=2983s
2023/11/08,Stay Alive,エミリア（高橋李依）,【歌枠 / Singing】収録用マイクで歌います【音乃瀬奏】,00:56:26,https://www.youtube.com/live/E5_kcFeb4w8?si=1ttBjueicVKU_Rqv&t=3386&t=3386s
2023/11/08,瞬間ハートビート,ReGLOSS,【歌枠 / Singing】収録用マイクで歌います【音乃瀬奏】,01:01:43,https://www.youtube.com/live/E5_kcFeb4w8?si=1ttBjueicVKU_Rqv&t=3703&t=3703s
2023/11/15,シュガーソングとビターステップ,UNISON SQUARE GARDEN,【歌枠 / Singing】告知アリの歌枠♪【音乃瀬奏】,0:03:31,https://www.youtube.com/live/vAY6SsOvceU?si=Y4Cs8fkouMe6DqJT&t=211s
2023/11/15,君じゃなきゃダメみたい,オーイシマサヨシ,【歌枠 / Singing】告知アリの歌枠♪【音乃瀬奏】,0:10:22,https://www.youtube.com/live/vAY6SsOvceU?si=Y4Cs8fkouMe6DqJT&t=622s
2023/11/15,小さな恋のうた,MONGOL800,【歌枠 / Singing】告知アリの歌枠♪【音乃瀬奏】,0:15:33,https://www.youtube.com/live/vAY6SsOvceU?si=Y4Cs8fkouMe6DqJT&t=933s
2023/11/15,DADDY! DADDY! DO! feat. 鈴木愛理,鈴木雅之,【歌枠 / Singing】告知アリの歌枠♪【音乃瀬奏】,0:21:59,https://www.youtube.com/live/vAY6SsOvceU?si=Y4Cs8fkouMe6DqJT&t=1319s
2023/11/15,天体観測,BUMP OF CHICKEN,【歌枠 / Singing】告知アリの歌枠♪【音乃瀬奏】,0:26:55,https://www.youtube.com/live/vAY6SsOvceU?si=Y4Cs8fkouMe6DqJT&t=1615s
2023/11/15,残響散歌,Aimer,【歌枠 / Singing】告知アリの歌枠♪【音乃瀬奏】,0:32:19,https://www.youtube.com/live/vAY6SsOvceU?si=Y4Cs8fkouMe6DqJT&t=1939s
2023/11/15,オレンジ,"逢坂大河, 櫛枝実乃梨, 川嶋亜美",【歌枠 / Singing】告知アリの歌枠♪【音乃瀬奏】,0:36:58,https://www.youtube.com/live/vAY6SsOvceU?si=Y4Cs8fkouMe6DqJT&t=2218s
2023/11/15,鱗,秦 基博,【歌枠 / Singing】告知アリの歌枠♪【音乃瀬奏】,0:42:41,https://www.youtube.com/live/vAY6SsOvceU?si=Y4Cs8fkouMe6DqJT&t=2561s
2023/11/22,Lemon,米津玄師,【歌枠 / Singing】アカペラ有り！歌います！！るん！🎵【音乃瀬奏】,0:03:27,https://www.youtube.com/live/yPhXfmeiqas?si=mbrVSjtcexKcXVl3&t=207s
2023/11/22,Flamingo,米津玄師,【歌枠 / Singing】アカペラ有り！歌います！！るん！🎵【音乃瀬奏】,0:08:57,https://www.youtube.com/live/yPhXfmeiqas?si=mbrVSjtcexKcXVl3&t=537s
2023/11/22,当事者,EGOIST,【歌枠 / Singing】アカペラ有り！歌います！！るん！🎵【音乃瀬奏】,0:13:55,https://www.youtube.com/live/yPhXfmeiqas?si=mbrVSjtcexKcXVl3&t=835s
2023/11/22,ノーダウト,Official髭男dism,【歌枠 / Singing】アカペラ有り！歌います！！るん！🎵【音乃瀬奏】,0:19:33,https://www.youtube.com/live/yPhXfmeiqas?si=mbrVSjtcexKcXVl3&t=1173s
2023/11/22,ニア,夏代孝明,【歌枠 / Singing】アカペラ有り！歌います！！るん！🎵【音乃瀬奏】,0:23:46,https://www.youtube.com/live/yPhXfmeiqas?si=mbrVSjtcexKcXVl3&t=1426s
2023/11/22,少女レイ,みきとP,【歌枠 / Singing】アカペラ有り！歌います！！るん！🎵【音乃瀬奏】,0:29:09,https://www.youtube.com/live/yPhXfmeiqas?si=mbrVSjtcexKcXVl3&t=1749s
2023/11/22,小夜子,みきとP（アカペラ）,【歌枠 / Singing】アカペラ有り！歌います！！るん！🎵【音乃瀬奏】,0:35:32,https://www.youtube.com/live/yPhXfmeiqas?si=mbrVSjtcexKcXVl3&t=2132s
2023/11/22,風を食む,ヨルシカ,【歌枠 / Singing】アカペラ有り！歌います！！るん！🎵【音乃瀬奏】,0:40:34,https://www.youtube.com/live/yPhXfmeiqas?si=mbrVSjtcexKcXVl3&t=2434s
2023/11/22,いのちの名前,木村弓,【歌枠 / Singing】アカペラ有り！歌います！！るん！🎵【音乃瀬奏】,0:46:01,https://www.youtube.com/live/yPhXfmeiqas?si=mbrVSjtcexKcXVl3&t=2761s
2023/11/22,Departures 〜あなたにおくるアイの歌〜,EGOIST（アカペラ）,【歌枠 / Singing】アカペラ有り！歌います！！るん！🎵【音乃瀬奏】,0:51:02,https://www.youtube.com/live/yPhXfmeiqas?si=mbrVSjtcexKcXVl3&t=3062s
2023/11/29,あったかいんだからぁ♪,クマムシ,【歌枠 / Singing】メンバーシップ解禁記念歌枠！！【音乃瀬奏】,00:15:52,https://www.youtube.com/live/MfIv_g9PYSw?si=7cKxdS7PbhnLZxr_&t=952s
2023/11/29,ヨワネハキ,MAISONdes,【歌枠 / Singing】メンバーシップ解禁記念歌枠！！【音乃瀬奏】,00:22:00,https://www.youtube.com/live/MfIv_g9PYSw?si=7cKxdS7PbhnLZxr_&t=1320s
2023/11/29,トウキョウ・シャンディ・ランデヴ,MAISONdes,【歌枠 / Singing】メンバーシップ解禁記念歌枠！！【音乃瀬奏】,00:25:48,https://www.youtube.com/live/MfIv_g9PYSw?si=7cKxdS7PbhnLZxr_&t=1548s
2023/11/29,マーシャル・マキシマイザー,柊マグネタイト,【歌枠 / Singing】メンバーシップ解禁記念歌枠！！【音乃瀬奏】,00:31:08,https://www.youtube.com/live/MfIv_g9PYSw?si=7cKxdS7PbhnLZxr_&t=1868s
2023/11/29,キャラクター,緑黄色社会,【歌枠 / Singing】メンバーシップ解禁記念歌枠！！【音乃瀬奏】,00:35:20,https://www.youtube.com/live/MfIv_g9PYSw?si=7cKxdS7PbhnLZxr_&t=2120s
2023/11/29,残酷な天使のテーゼ,高橋洋子,【歌枠 / Singing】メンバーシップ解禁記念歌枠！！【音乃瀬奏】,00:41:31,https://www.youtube.com/live/MfIv_g9PYSw?si=7cKxdS7PbhnLZxr_&t=2491s
2023/11/29,雪の華,中島美嘉,【歌枠 / Singing】メンバーシップ解禁記念歌枠！！【音乃瀬奏】,00:46:27,https://www.youtube.com/live/MfIv_g9PYSw?si=7cKxdS7PbhnLZxr_&t=2787s
2023/11/29,オレンジ,"逢坂大河(釘宮理恵), 櫛枝実乃梨(堀江由衣), 川嶋亜美(喜多村英梨)",【歌枠 / Singing】メンバーシップ解禁記念歌枠！！【音乃瀬奏】,00:53:21,https://www.youtube.com/live/MfIv_g9PYSw?si=7cKxdS7PbhnLZxr_&t=3201s
2023/12/05,Calc.,ジミーサムP,【歌枠 / Singing】リレー、トップバッターでーす！✨ るんるん ReGLOSS歌枠リレー【音乃瀬奏】,00:02:42,https://www.youtube.com/live/gg4-SvzmMBg?si=rzUzMRJr8QhDn4H5&t=162
2023/12/05,怪獣の花唄,Vaundy,【歌枠 / Singing】リレー、トップバッターでーす！✨ るんるん ReGLOSS歌枠リレー【音乃瀬奏】,00:09:28,https://www.youtube.com/live/gg4-SvzmMBg?si=rzUzMRJr8QhDn4H5&t=568
2023/12/05,絶頂讃歌,和ぬか,【歌枠 / Singing】リレー、トップバッターでーす！✨ るんるん ReGLOSS歌枠リレー【音乃瀬奏】,00:14:59,https://www.youtube.com/live/gg4-SvzmMBg?si=rzUzMRJr8QhDn4H5&t=899
2023/12/05,Q,女王蜂,【歌枠 / Singing】リレー、トップバッターでーす！✨ るんるん ReGLOSS歌枠リレー【音乃瀬奏】,00:19:12,https://www.youtube.com/live/gg4-SvzmMBg?si=rzUzMRJr8QhDn4H5&t=1152
2023/12/05,雨,ペトロールズ,【歌枠 / Singing】リレー、トップバッターでーす！✨ るんるん ReGLOSS歌枠リレー【音乃瀬奏】,00:24:29,https://www.youtube.com/live/gg4-SvzmMBg?si=rzUzMRJr8QhDn4H5&t=1469
2023/12/05,カブトムシ,aiko,【歌枠 / Singing】リレー、トップバッターでーす！✨ るんるん ReGLOSS歌枠リレー【音乃瀬奏】,00:31:55,https://www.youtube.com/live/gg4-SvzmMBg?si=rzUzMRJr8QhDn4H5&t=1915
2023/12/05,佐賀事変,フランシュシュ,【歌枠 / Singing】リレー、トップバッターでーす！✨ るんるん ReGLOSS歌枠リレー【音乃瀬奏】,00:38:18,https://www.youtube.com/live/gg4-SvzmMBg?si=rzUzMRJr8QhDn4H5&t=2298
2023/12/05,Pool,SIRUP,【歌枠 / Singing】リレー、トップバッターでーす！✨ るんるん ReGLOSS歌枠リレー【音乃瀬奏】,00:45:12,https://www.youtube.com/live/gg4-SvzmMBg?si=rzUzMRJr8QhDn4H5&t=2712
2023/12/05,瞬間ハートビート,ReGLOSS,【歌枠 / Singing】リレー、トップバッターでーす！✨ るんるん ReGLOSS歌枠リレー【音乃瀬奏】,00:50:14,https://www.youtube.com/live/gg4-SvzmMBg?si=rzUzMRJr8QhDn4H5&t=3014
2023/12/05,アイドル,YOASOBI,【歌枠 / Singing】リレー、トップバッターでーす！✨ るんるん ReGLOSS歌枠リレー【音乃瀬奏】,00:56:11,https://www.youtube.com/live/gg4-SvzmMBg?si=rzUzMRJr8QhDn4H5&t=3371
2023/12/14,Subtitle,Official髭男dism,【縦型 / 歌枠】るんるんうたわく【音乃瀬奏】,00:05:20,https://www.youtube.com/live/h-B3Qz1dL3g?si=aY34vhVJbKaqENWg&t=320
2023/12/14,晩餐歌,tuki.,【縦型 / 歌枠】るんるんうたわく【音乃瀬奏】,00:14:11,https://www.youtube.com/live/h-B3Qz1dL3g?si=aY34vhVJbKaqENWg&t=851
2023/12/14,レッド・パージ!!!,P.I.N.A.,【縦型 / 歌枠】るんるんうたわく【音乃瀬奏】,00:21:11,https://www.youtube.com/live/h-B3Qz1dL3g?si=aY34vhVJbKaqENWg&t=1271
2023/12/14,第六感,Reol,【縦型 / 歌枠】るんるんうたわく【音乃瀬奏】,00:28:37,https://www.youtube.com/live/h-B3Qz1dL3g?si=aY34vhVJbKaqENWg&t=1717
2023/12/14,トウキョウ・シャンディ・ランデヴ,MAISONdes,【縦型 / 歌枠】るんるんうたわく【音乃瀬奏】,00:34:02,https://www.youtube.com/live/h-B3Qz1dL3g?si=aY34vhVJbKaqENWg&t=2042
2023/12/14,ダーリンダンス,かいりきベア,【縦型 / 歌枠】るんるんうたわく【音乃瀬奏】,00:38:55,https://www.youtube.com/live/h-B3Qz1dL3g?si=aY34vhVJbKaqENWg&t=2335
2023/12/14,からくりピエロ,40mP,【縦型 / 歌枠】るんるんうたわく【音乃瀬奏】,00:43:32,https://www.youtube.com/live/h-B3Qz1dL3g?si=aY34vhVJbKaqENWg&t=2612
2023/12/14,恋愛裁判,40mP,【縦型 / 歌枠】るんるんうたわく【音乃瀬奏】,00:49:00,https://www.youtube.com/live/h-B3Qz1dL3g?si=aY34vhVJbKaqENWg&t=2940
2023/12/14,青空のラプソディ,fhána,【縦型 / 歌枠】るんるんうたわく【音乃瀬奏】,00:54:39,https://www.youtube.com/live/h-B3Qz1dL3g?si=aY34vhVJbKaqENWg&t=3279
2023/12/14,雨とペトラ,バルーン,【縦型 / 歌枠】るんるんうたわく【音乃瀬奏】,01:00:25,https://www.youtube.com/live/h-B3Qz1dL3g?si=aY34vhVJbKaqENWg&t=3625
2023/12/14,妄想感傷代償連盟,DECO*27,【縦型 / 歌枠】るんるんうたわく【音乃瀬奏】,01:08:42,https://www.youtube.com/live/h-B3Qz1dL3g?si=aY34vhVJbKaqENWg&t=4122
2023/12/14,グッバイ宣言,Chinozo,【縦型 / 歌枠】るんるんうたわく【音乃瀬奏】,01:15:05,https://www.youtube.com/live/h-B3Qz1dL3g?si=aY34vhVJbKaqENWg&t=4505
2023/12/14,劣等上等,Giga,【縦型 / 歌枠】るんるんうたわく【音乃瀬奏】,01:21:51,https://www.youtube.com/live/h-B3Qz1dL3g?si=aY34vhVJbKaqENWg&t=4911
2023/12/14,ロキ,みきとP,【縦型 / 歌枠】るんるんうたわく【音乃瀬奏】,01:27:12,https://www.youtube.com/live/h-B3Qz1dL3g?si=aY34vhVJbKaqENWg&t=5232
2023/12/14,少女レイ,みきとP,【縦型 / 歌枠】るんるんうたわく【音乃瀬奏】,01:32:15,https://www.youtube.com/live/h-B3Qz1dL3g?si=aY34vhVJbKaqENWg&t=5535
2023/12/14,フォニイ,ツミキ,【縦型 / 歌枠】るんるんうたわく【音乃瀬奏】,01:41:43,https://www.youtube.com/live/h-B3Qz1dL3g?si=aY34vhVJbKaqENWg&t=6103
2023/12/14,ゴーストルール,DECO*27,【縦型 / 歌枠】るんるんうたわく【音乃瀬奏】,01:48:26,https://www.youtube.com/live/h-B3Qz1dL3g?si=aY34vhVJbKaqENWg&t=6506
2023/12/14,神っぽいな,ピノキオピー,【縦型 / 歌枠】るんるんうたわく【音乃瀬奏】,01:53:00,https://www.youtube.com/live/h-B3Qz1dL3g?si=aY34vhVJbKaqENWg&t=6780
2023/12/20,夜もすがら君想ふ,TOKOTOKO(西沢さんP),【縦型/歌枠】ボカロ！！！！【音乃瀬奏】,00:06:06,https://www.youtube.com/live/8GDyZ9EPPMs?si=UF2mYdN7o24TUwZ9&t=366
2023/12/20,シネマ,Ayase,【縦型/歌枠】ボカロ！！！！【音乃瀬奏】,00:12:50,https://www.youtube.com/live/8GDyZ9EPPMs?si=UF2mYdN7o24TUwZ9&t=770
2023/12/20,カルチャ,ツミキ,【縦型/歌枠】ボカロ！！！！【音乃瀬奏】,00:17:49,https://www.youtube.com/live/8GDyZ9EPPMs?si=UF2mYdN7o24TUwZ9&t=1069
2023/12/20,人マニア,原口沙輔,【縦型/歌枠】ボカロ！！！！【音乃瀬奏】,00:21:58,https://www.youtube.com/live/8GDyZ9EPPMs?si=UF2mYdN7o24TUwZ9&t=1318
2023/12/20,脱法ロック,Neru,【縦型/歌枠】ボカロ！！！！【音乃瀬奏】,00:25:22,https://www.youtube.com/live/8GDyZ9EPPMs?si=UF2mYdN7o24TUwZ9&t=1522
2023/12/20,テレキャスタービーボーイ (short ver.),すりぃ,【縦型/歌枠】ボカロ！！！！【音乃瀬奏】,00:30:35,https://www.youtube.com/live/8GDyZ9EPPMs?si=UF2mYdN7o24TUwZ9&t=1835
2023/12/20,チュルリラ・チュルリラ・ダッダッダ！,くらげP,【縦型/歌枠】ボカロ！！！！【音乃瀬奏】,00:33:30,https://www.youtube.com/live/8GDyZ9EPPMs?si=UF2mYdN7o24TUwZ9&t=2010
2023/12/20,ベノム,かいりきベア,【縦型/歌枠】ボカロ！！！！【音乃瀬奏】,00:37:52,https://www.youtube.com/live/8GDyZ9EPPMs?si=UF2mYdN7o24TUwZ9&t=2272
2023/12/20,砂の惑星,ハチ,【縦型/歌枠】ボカロ！！！！【音乃瀬奏】,00:44:03,https://www.youtube.com/live/8GDyZ9EPPMs?si=UF2mYdN7o24TUwZ9&t=2643
2023/12/20,KING,Kanaria,【縦型/歌枠】ボカロ！！！！【音乃瀬奏】,00:50:21,https://www.youtube.com/live/8GDyZ9EPPMs?si=UF2mYdN7o24TUwZ9&t=3021
2023/12/20,月陽-ツキアカリ-,みきとP,【縦型/歌枠】ボカロ！！！！【音乃瀬奏】,00:52:54,https://www.youtube.com/live/8GDyZ9EPPMs?si=UF2mYdN7o24TUwZ9&t=3174
2023/12/25,Subtitle,Official髭男dism,【 #ホロクリスマス歌枠リレー 】めりめり～！！🎄 奏のターン！！✨✨,00:01:35,https://www.youtube.com/live/RO5OaSqjGOc?si=NCqSXlxvJnCkDNss&t=95
2023/12/25,美少女無罪♡パイレーツ,宝鐘マリン,【 #ホロクリスマス歌枠リレー 】めりめり～！！🎄 奏のターン！！✨✨,00:08:29,https://www.youtube.com/live/RO5OaSqjGOc?si=NCqSXlxvJnCkDNss&t=509
2023/12/25,クリスマスソング,back number,【 #ホロクリスマス歌枠リレー 】めりめり～！！🎄 奏のターン！！✨✨,00:13:38,https://www.youtube.com/live/RO5OaSqjGOc?si=NCqSXlxvJnCkDNss&t=818
2023/12/25,別の人の彼女になったよ,wacci,【 #ホロクリスマス歌枠リレー 】めりめり～！！🎄 奏のターン！！✨✨,00:16:16,https://www.youtube.com/live/RO5OaSqjGOc?si=NCqSXlxvJnCkDNss&t=976
2024/01/02,アイドル,YOASOBI,【歌枠 / Singing】2023年に流行った曲を歌う歌枠【音乃瀬奏】,00:04:01,https://www.youtube.com/live/d7iaRrAImto?si=chGzR09Sq3yETX-q&t=241s
2024/01/02,サインはB,B小町,【歌枠 / Singing】2023年に流行った曲を歌う歌枠【音乃瀬奏】,00:09:51,https://www.youtube.com/live/d7iaRrAImto?si=chGzR09Sq3yETX-q&t=591s
2024/01/02,可愛くてごめん,Honeyworks,【歌枠 / Singing】2023年に流行った曲を歌う歌枠【音乃瀬奏】,00:15:03,https://www.youtube.com/live/d7iaRrAImto?si=chGzR09Sq3yETX-q&t=903s
2024/01/02,ちゅ、多様性。,ano,【歌枠 / Singing】2023年に流行った曲を歌う歌枠【音乃瀬奏】,00:20:31,https://www.youtube.com/live/d7iaRrAImto?si=chGzR09Sq3yETX-q&t=1231s
2024/01/02,トウキョウ・シャンディ・ランデヴ,MAISONdes,【歌枠 / Singing】2023年に流行った曲を歌う歌枠【音乃瀬奏】,00:25:12,https://www.youtube.com/live/d7iaRrAImto?si=chGzR09Sq3yETX-q&t=1512s
2024/01/02,Subtitle,Official髭男dism,【歌枠 / Singing】2023年に流行った曲を歌う歌枠【音乃瀬奏】,00:31:19,https://www.youtube.com/live/d7iaRrAImto?si=chGzR09Sq3yETX-q&t=1879s
2024/01/02,地球儀,米津玄師,【歌枠 / Singing】2023年に流行った曲を歌う歌枠【音乃瀬奏】,00:37:38,https://www.youtube.com/live/d7iaRrAImto?si=chGzR09Sq3yETX-q&t=2258s
2024/01/02,晩餐歌,tuki.,【歌枠 / Singing】2023年に流行った曲を歌う歌枠【音乃瀬奏】,00:47:24,https://www.youtube.com/live/d7iaRrAImto?si=chGzR09Sq3yETX-q&t=2844s
2024/01/02,Overdose,なとり,【歌枠 / Singing】2023年に流行った曲を歌う歌枠【音乃瀬奏】,00:52:40,https://www.youtube.com/live/d7iaRrAImto?si=chGzR09Sq3yETX-q&t=3160s
2024/01/02,オトナブルー,新しい学校のリーダーズ,【歌枠 / Singing】2023年に流行った曲を歌う歌枠【音乃瀬奏】,00:57:05,https://www.youtube.com/live/d7iaRrAImto?si=chGzR09Sq3yETX-q&t=3425s
2024/01/02,神のまにまに,れるりり,【歌枠 / Singing】2023年に流行った曲を歌う歌枠【音乃瀬奏】,01:01:48,https://www.youtube.com/live/d7iaRrAImto?si=chGzR09Sq3yETX-q&t=3708s
2024/01/10,SPECIALZ,King Gnu,【歌枠】歌ってみた公開までドキドキ歌枠！【音乃瀬奏】,00:05:13,https://www.youtube.com/live/uzE5rmdBkK0?si=Olda0STUj487rnub&t=313s
2024/01/10,SOULSOUP,Official髭男dism,【歌枠】歌ってみた公開までドキドキ歌枠！【音乃瀬奏】,00:11:26,https://www.youtube.com/live/uzE5rmdBkK0?si=Olda0STUj487rnub&t=686s
2024/01/10,Subtitle,Official髭男dism,【歌枠】歌ってみた公開までドキドキ歌枠！【音乃瀬奏】,00:20:57,https://www.youtube.com/live/uzE5rmdBkK0?si=Olda0STUj487rnub&t=1257s
2024/01/10,夜撫でるメノウ,Ayase,【歌枠】歌ってみた公開までドキドキ歌枠！【音乃瀬奏】,00:29:10,https://www.youtube.com/live/uzE5rmdBkK0?si=Olda0STUj487rnub&t=1750s
2024/01/17,いかないで,想太,【歌枠】うたう♪【音乃瀬奏】,00:05:51,https://www.youtube.com/live/Y7GEnWttyoo?si=Q8mUNjtyQKQR5Kfb&t=351s
2024/01/17,白金ディスコ,阿良々木月火(井口裕香),【歌枠】うたう♪【音乃瀬奏】,00:10:26,https://www.youtube.com/live/Y7GEnWttyoo?si=Q8mUNjtyQKQR5Kfb&t=626s
2024/01/17,勇者,YOASOBI,【歌枠】うたう♪【音乃瀬奏】,00:17:12,https://www.youtube.com/live/Y7GEnWttyoo?si=Q8mUNjtyQKQR5Kfb&t=1032s
2024/01/17,クラクラ,Ado,【歌枠】うたう♪【音乃瀬奏】,00:22:31,https://www.youtube.com/live/Y7GEnWttyoo?si=Q8mUNjtyQKQR5Kfb&t=1351s
2024/01/17,花になって,緑黄色社会,【歌枠】うたう♪【音乃瀬奏】,00:27:18,https://www.youtube.com/live/Y7GEnWttyoo?si=Q8mUNjtyQKQR5Kfb&t=1638s
2024/01/17,気分上々↑↑,mihimaru GT,【歌枠】うたう♪【音乃瀬奏】,00:33:39,https://www.youtube.com/live/Y7GEnWttyoo?si=Q8mUNjtyQKQR5Kfb&t=2019s
2024/01/17,KICK BACK,米津玄師,【歌枠】うたう♪【音乃瀬奏】,00:39:17,https://www.youtube.com/live/Y7GEnWttyoo?si=Q8mUNjtyQKQR5Kfb&t=2357s
2024/01/17,紅蓮華,LiSA,【歌枠】うたう♪【音乃瀬奏】,00:45:06,https://www.youtube.com/live/Y7GEnWttyoo?si=Q8mUNjtyQKQR5Kfb&t=2706s
2024/01/17,STONE OCEAN,ichigo from 岸田教団&THE明星ロケッツ,【歌枠】うたう♪【音乃瀬奏】,00:52:02,https://www.youtube.com/live/Y7GEnWttyoo?si=Q8mUNjtyQKQR5Kfb&t=3122s
2024/01/24,Subtitle,Official髭男dism,【歌枠】おまえらのリクエストにこたえていく歌枠【音乃瀬奏】,00:04:21,https://www.youtube.com/live/yi18oU52mgk?si=RCZx1Z6_b9OQQ9nZ&t=261s
2024/01/24,p.h.,SEVENTHLINKS feat. flower,【歌枠】おまえらのリクエストにこたえていく歌枠【音乃瀬奏】,00:12:36,https://www.youtube.com/live/yi18oU52mgk?si=RCZx1Z6_b9OQQ9nZ&t=756s
2024/01/24,群青,YOASOBI,【歌枠】おまえらのリクエストにこたえていく歌枠【音乃瀬奏】,00:16:49,https://www.youtube.com/live/yi18oU52mgk?si=RCZx1Z6_b9OQQ9nZ&t=1009s
2024/01/24,雨とカプチーノ,ヨルシカ,【歌枠】おまえらのリクエストにこたえていく歌枠【音乃瀬奏】,00:22:59,https://www.youtube.com/live/yi18oU52mgk?si=RCZx1Z6_b9OQQ9nZ&t=1379s
2024/01/24,Lemon,米津玄師,【歌枠】おまえらのリクエストにこたえていく歌枠【音乃瀬奏】,00:30:07,https://www.youtube.com/live/yi18oU52mgk?si=RCZx1Z6_b9OQQ9nZ&t=1807s
2024/01/24,四季ノ唄,MINMI,【歌枠】おまえらのリクエストにこたえていく歌枠【音乃瀬奏】,00:36:10,https://www.youtube.com/live/yi18oU52mgk?si=RCZx1Z6_b9OQQ9nZ&t=2170s
2024/01/24,ニア,夏代孝明,【歌枠】おまえらのリクエストにこたえていく歌枠【音乃瀬奏】,00:43:20,https://www.youtube.com/live/yi18oU52mgk?si=RCZx1Z6_b9OQQ9nZ&t=2600s
2024/01/24,ホシアイ,レフティーモンスターP,【歌枠】おまえらのリクエストにこたえていく歌枠【音乃瀬奏】,00:48:42,https://www.youtube.com/live/yi18oU52mgk?si=RCZx1Z6_b9OQQ9nZ&t=2922s
2024/01/24,シャルル,バルーン,【歌枠】おまえらのリクエストにこたえていく歌枠【音乃瀬奏】,00:58:17,https://www.youtube.com/live/yi18oU52mgk?si=RCZx1Z6_b9OQQ9nZ&t=3497s
2024/01/24,STONE OCEAN,ichigo from 岸田教団&THE明星ロケッツ,【歌枠】おまえらのリクエストにこたえていく歌枠【音乃瀬奏】,01:03:37,https://www.youtube.com/live/yi18oU52mgk?si=RCZx1Z6_b9OQQ9nZ&t=3817s
2024/01/24,当事者,EGOIST,【歌枠】おまえらのリクエストにこたえていく歌枠【音乃瀬奏】,01:08:31,https://www.youtube.com/live/yi18oU52mgk?si=RCZx1Z6_b9OQQ9nZ&t=4111s
2024/01/31,ふわふわ時間,桜高軽音部,【歌枠】アニソン縛り🌼【音乃瀬奏】,00:04:39,https://www.youtube.com/live/DNeSpgRTzbU?si=bn1AZqQNU5iFTrLS&t=279s
2024/01/31,This game,鈴木このみ,【歌枠】アニソン縛り🌼【音乃瀬奏】,00:12:36,https://www.youtube.com/live/DNeSpgRTzbU?si=bn1AZqQNU5iFTrLS&t=756s
2024/01/31,Catch the Moment,LiSA,【歌枠】アニソン縛り🌼【音乃瀬奏】,00:20:41,https://www.youtube.com/live/DNeSpgRTzbU?si=bn1AZqQNU5iFTrLS&t=1241s
2024/01/31,only my railgun,fripSide,【歌枠】アニソン縛り🌼【音乃瀬奏】,00:28:27,https://www.youtube.com/live/DNeSpgRTzbU?si=bn1AZqQNU5iFTrLS&t=1707s
2024/01/31,God knows...,涼宮ハルヒ（平野綾）,【歌枠】アニソン縛り🌼【音乃瀬奏】,00:35:46,https://www.youtube.com/live/DNeSpgRTzbU?si=bn1AZqQNU5iFTrLS&t=2146s
2024/01/31,恋は渾沌の隷也,後ろから這いより隊G,【歌枠】アニソン縛り🌼【音乃瀬奏】,00:43:23,https://www.youtube.com/live/DNeSpgRTzbU?si=bn1AZqQNU5iFTrLS&t=2603s
2024/01/31,太陽曰く燃えよカオス,後ろから這いより隊G,【歌枠】アニソン縛り🌼【音乃瀬奏】,00:49:32,https://www.youtube.com/live/DNeSpgRTzbU?si=bn1AZqQNU5iFTrLS&t=2972s
2024/01/31,Daydream cafe,Petit Rabbit's,【歌枠】アニソン縛り🌼【音乃瀬奏】,00:54:33,https://www.youtube.com/live/DNeSpgRTzbU?si=bn1AZqQNU5iFTrLS&t=3273s
2024/01/31,Snow halation,μ's,【歌枠】アニソン縛り🌼【音乃瀬奏】,00:59:17,https://www.youtube.com/live/DNeSpgRTzbU?si=bn1AZqQNU5iFTrLS&t=3557s
2024/02/07,小夜子,ミキトP,【歌枠】うたうたう♪【音乃瀬奏】,00:03:17,https://www.youtube.com/live/WQxK0NEam2E?si=4bUNC3E85xz-Y1Qv&t=197
2024/02/07,きゅうくらりん,いよわ,【歌枠】うたうたう♪【音乃瀬奏】,00:08:54,https://www.youtube.com/live/WQxK0NEam2E?si=4bUNC3E85xz-Y1Qv&t=534
2024/02/07,メランコリック,Junky,【歌枠】うたうたう♪【音乃瀬奏】,00:15:54,https://www.youtube.com/live/WQxK0NEam2E?si=4bUNC3E85xz-Y1Qv&t=954
2024/02/07,夜に駆ける,YOASOBI,【歌枠】うたうたう♪【音乃瀬奏】,00:21:16,https://www.youtube.com/live/WQxK0NEam2E?si=4bUNC3E85xz-Y1Qv&t=1276
2024/02/07,光るなら,Goose house,【歌枠】うたうたう♪【音乃瀬奏】,00:27:09,https://www.youtube.com/live/WQxK0NEam2E?si=4bUNC3E85xz-Y1Qv&t=1629
2024/02/07,ソワレ,星街すいせい,【歌枠】うたうたう♪【音乃瀬奏】,00:32:22,https://www.youtube.com/live/WQxK0NEam2E?si=4bUNC3E85xz-Y1Qv&t=1942
2024/02/07,花になって,緑黄色社会,【歌枠】うたうたう♪【音乃瀬奏】,00:37:40,https://www.youtube.com/live/WQxK0NEam2E?si=4bUNC3E85xz-Y1Qv&t=2260
2024/02/07,愛包ダンスホール,HIMEHINA,【歌枠】うたうたう♪【音乃瀬奏】,00:44:04,https://www.youtube.com/live/WQxK0NEam2E?si=4bUNC3E85xz-Y1Qv&t=2644
2024/02/07,命に嫌われている。,カンザキイオリ,【歌枠】うたうたう♪【音乃瀬奏】,00:50:01,https://www.youtube.com/live/WQxK0NEam2E?si=4bUNC3E85xz-Y1Qv&t=3001
2024/02/14,恋をしたのは,aiko,【歌枠】うそだろ、、、30万人耐久、、、返せ、、、【音乃瀬奏】,00:05:41,https://www.youtube.com/live/l8Qp7LVPY0Y?si=095c7OUBw6fTnUbx&t=341
2024/02/14,恋愛裁判,40mP,【歌枠】うそだろ、、、30万人耐久、、、返せ、、、【音乃瀬奏】,00:13:39,https://www.youtube.com/live/l8Qp7LVPY0Y?si=095c7OUBw6fTnUbx&t=819
2024/02/14,No Logic,ジミーサムP,【歌枠】うそだろ、、、30万人耐久、、、返せ、、、【音乃瀬奏】,00:18:54,https://www.youtube.com/live/l8Qp7LVPY0Y?si=095c7OUBw6fTnUbx&t=1134
2024/02/14,恋,星野源,【歌枠】うそだろ、、、30万人耐久、、、返せ、、、【音乃瀬奏】,00:25:21,https://www.youtube.com/live/l8Qp7LVPY0Y?si=095c7OUBw6fTnUbx&t=1521
2024/02/14,世界は恋に落ちている,CHiCO with HoneyWorks,【歌枠】うそだろ、、、30万人耐久、、、返せ、、、【音乃瀬奏】,00:32:25,https://www.youtube.com/live/l8Qp7LVPY0Y?si=095c7OUBw6fTnUbx&t=1945
2024/02/14,ヒロイン育成計画,HoneyWorks,【歌枠】うそだろ、、、30万人耐久、、、返せ、、、【音乃瀬奏】,00:39:50,https://www.youtube.com/live/l8Qp7LVPY0Y?si=095c7OUBw6fTnUbx&t=2390
2024/02/14,どりーみんチュチュ,emon(Tes.),【歌枠】うそだろ、、、30万人耐久、、、返せ、、、【音乃瀬奏】,00:46:00,https://www.youtube.com/live/l8Qp7LVPY0Y?si=095c7OUBw6fTnUbx&t=2760
2024/02/14,ビバハピ,Mitchie M,【歌枠】うそだろ、、、30万人耐久、、、返せ、、、【音乃瀬奏】,00:52:13,https://www.youtube.com/live/l8Qp7LVPY0Y?si=095c7OUBw6fTnUbx&t=3133
2024/02/14,おねがいダーリン,ナナホシ管弦楽団,【歌枠】うそだろ、、、30万人耐久、、、返せ、、、【音乃瀬奏】,00:57:21,https://www.youtube.com/live/l8Qp7LVPY0Y?si=095c7OUBw6fTnUbx&t=3441
2024/02/14,スキスキ絶頂症,電ポルP,【歌枠】うそだろ、、、30万人耐久、、、返せ、、、【音乃瀬奏】,01:02:44,https://www.youtube.com/live/l8Qp7LVPY0Y?si=095c7OUBw6fTnUbx&t=3764
2024/02/14,ヒビカセ,れをる,【歌枠】うそだろ、、、30万人耐久、、、返せ、、、【音乃瀬奏】,01:08:56,https://www.youtube.com/live/l8Qp7LVPY0Y?si=095c7OUBw6fTnUbx&t=4136
2024/02/14,瞬間ハートビート,ReGLOSS,【歌枠】うそだろ、、、30万人耐久、、、返せ、、、【音乃瀬奏】,01:16:20,https://www.youtube.com/live/l8Qp7LVPY0Y?si=095c7OUBw6fTnUbx&t=4580
2024/02/21,翡翠のまち,メル,【歌枠】春っぽい曲を歌いたい【音乃瀬奏】,00:06:48,https://www.youtube.com/live/14p3fI3IiRU?si=Z3ifJWoDjSvgwAxk&t=408
2024/02/21,春泥棒,ヨルシカ,【歌枠】春っぽい曲を歌いたい【音乃瀬奏】,00:12:53,https://www.youtube.com/live/14p3fI3IiRU?si=Z3ifJWoDjSvgwAxk&t=773
2024/02/21,風を食む,ヨルシカ,【歌枠】春っぽい曲を歌いたい【音乃瀬奏】,00:20:27,https://www.youtube.com/live/14p3fI3IiRU?si=Z3ifJWoDjSvgwAxk&t=1227
2024/02/21,LADY,米津玄師,【歌枠】春っぽい曲を歌いたい【音乃瀬奏】,00:27:33,https://www.youtube.com/live/14p3fI3IiRU?si=Z3ifJWoDjSvgwAxk&t=1653
2024/02/21,プラチナ,坂本真綾,【歌枠】春っぽい曲を歌いたい【音乃瀬奏】,00:34:27,https://www.youtube.com/live/14p3fI3IiRU?si=Z3ifJWoDjSvgwAxk&t=2067
2024/02/21,恋をしたのは,aiko,【歌枠】春っぽい曲を歌いたい【音乃瀬奏】,00:41:23,https://www.youtube.com/live/14p3fI3IiRU?si=Z3ifJWoDjSvgwAxk&t=2483
2024/02/21,カタオモイ,Aimer,【歌枠】春っぽい曲を歌いたい【音乃瀬奏】,00:48:53,https://www.youtube.com/live/14p3fI3IiRU?si=Z3ifJWoDjSvgwAxk&t=2933
2024/02/21,夢と葉桜,青木月光,【歌枠】春っぽい曲を歌いたい【音乃瀬奏】,00:53:33,https://www.youtube.com/live/14p3fI3IiRU?si=Z3ifJWoDjSvgwAxk&t=3213
2024/02/21,光るなら,Goose house,【歌枠】春っぽい曲を歌いたい【音乃瀬奏】,00:59:22,https://www.youtube.com/live/14p3fI3IiRU?si=Z3ifJWoDjSvgwAxk&t=3562
2024/02/28,LOVEずっきゅん,相対性理論,【縦型歌枠】病み上がりの歌枠【音乃瀬奏】,00:12:06,https://www.youtube.com/live/7yJEHdZ2qJk?si=czHMTGftk2Hx5-_A&t=726
2024/02/28,ちゅ、多様性。,ano,【縦型歌枠】病み上がりの歌枠【音乃瀬奏】,00:17:55,https://www.youtube.com/live/7yJEHdZ2qJk?si=czHMTGftk2Hx5-_A&t=1075
2024/02/28,小夜子,みきとP,【縦型歌枠】病み上がりの歌枠【音乃瀬奏】,00:28:18,https://www.youtube.com/live/7yJEHdZ2qJk?si=czHMTGftk2Hx5-_A&t=1698
2024/02/28,いーあるふぁんくらぶ,みきとP,【縦型歌枠】病み上がりの歌枠【音乃瀬奏】,00:38:14,https://www.youtube.com/live/7yJEHdZ2qJk?si=czHMTGftk2Hx5-_A&t=2294
2024/02/28,眩しいDNAだけ,ずっと真夜中でいいのに。,【縦型歌枠】病み上がりの歌枠【音乃瀬奏】,00:44:46,https://www.youtube.com/live/7yJEHdZ2qJk?si=czHMTGftk2Hx5-_A&t=2686
2024/02/28,お勉強しといてよ,ずっと真夜中でいいのに。,【縦型歌枠】病み上がりの歌枠【音乃瀬奏】,00:50:00,https://www.youtube.com/live/7yJEHdZ2qJk?si=czHMTGftk2Hx5-_A&t=3000
2024/02/28,秒針を噛む,ずっと真夜中でいいのに。,【縦型歌枠】病み上がりの歌枠【音乃瀬奏】,00:55:53,https://www.youtube.com/live/7yJEHdZ2qJk?si=czHMTGftk2Hx5-_A&t=3353
2024/02/28,恋愛裁判,40mP,【縦型歌枠】病み上がりの歌枠【音乃瀬奏】,01:02:50,https://www.youtube.com/live/7yJEHdZ2qJk?si=czHMTGftk2Hx5-_A&t=3770
2024/02/28,からくりピエロ,40mP,【縦型歌枠】病み上がりの歌枠【音乃瀬奏】,01:07:57,https://www.youtube.com/live/7yJEHdZ2qJk?si=czHMTGftk2Hx5-_A&t=4077
2024/02/28,鱗,秦 基博,【縦型歌枠】病み上がりの歌枠【音乃瀬奏】,01:24:30,https://www.youtube.com/live/7yJEHdZ2qJk?si=czHMTGftk2Hx5-_A&t=5070
2024/02/28,お気に召すまま,Eve,【縦型歌枠】病み上がりの歌枠【音乃瀬奏】,01:30:30,https://www.youtube.com/live/7yJEHdZ2qJk?si=czHMTGftk2Hx5-_A&t=5430
2024/02/28,晩餐歌,tuki.,【縦型歌枠】病み上がりの歌枠【音乃瀬奏】,01:36:02,https://www.youtube.com/live/7yJEHdZ2qJk?si=czHMTGftk2Hx5-_A&t=5762
2024/02/28,変わらないもの,奥華子,【縦型歌枠】病み上がりの歌枠【音乃瀬奏】,01:42:01,https://www.youtube.com/live/7yJEHdZ2qJk?si=czHMTGftk2Hx5-_A&t=6121
2024/03/09,Shiny Smily Story,hololive IDOL PROJECT,【ハフバ記念歌枠】歌いながらハフアニバーサリーを祝う！🎉🎉【音乃瀬奏】,00:08:23,https://www.youtube.com/live/OJM1IyrwAbk?si=KJ6MeDLOEbJl-3X5&t=503
2024/03/09,晴る,ヨルシカ,【ハフバ記念歌枠】歌いながらハフアニバーサリーを祝う！🎉🎉【音乃瀬奏】,00:14:57,https://www.youtube.com/live/OJM1IyrwAbk?si=KJ6MeDLOEbJl-3X5&t=897
2024/03/09,サクラキミワタシ,tuki.,【ハフバ記念歌枠】歌いながらハフアニバーサリーを祝う！🎉🎉【音乃瀬奏】,00:22:00,https://www.youtube.com/live/OJM1IyrwAbk?si=KJ6MeDLOEbJl-3X5&t=1320
2024/03/09,Mela!,緑黄色社会,【ハフバ記念歌枠】歌いながらハフアニバーサリーを祝う！🎉🎉【音乃瀬奏】,00:28:19,https://www.youtube.com/live/OJM1IyrwAbk?si=KJ6MeDLOEbJl-3X5&t=1699
2024/03/09,メルト,supercell,【ハフバ記念歌枠】歌いながらハフアニバーサリーを祝う！🎉🎉【音乃瀬奏】,00:36:01,https://www.youtube.com/live/OJM1IyrwAbk?si=KJ6MeDLOEbJl-3X5&t=2161
2024/03/09,聖徳太子,水曜日のカンパネラ,【ハフバ記念歌枠】歌いながらハフアニバーサリーを祝う！🎉🎉【音乃瀬奏】,00:45:31,https://www.youtube.com/live/OJM1IyrwAbk?si=KJ6MeDLOEbJl-3X5&t=2731
2024/03/09,Snow halation,μ's,【ハフバ記念歌枠】歌いながらハフアニバーサリーを祝う！🎉🎉【音乃瀬奏】,00:50:58,https://www.youtube.com/live/OJM1IyrwAbk?si=KJ6MeDLOEbJl-3X5&t=3058
2024/03/09,愛をこめて花束を,Superfly,【ハフバ記念歌枠】歌いながらハフアニバーサリーを祝う！🎉🎉【音乃瀬奏】,00:57:39,https://www.youtube.com/live/OJM1IyrwAbk?si=KJ6MeDLOEbJl-3X5&t=3459
2024/03/09,ありがとう,いきものがかり,【ハフバ記念歌枠】歌いながらハフアニバーサリーを祝う！🎉🎉【音乃瀬奏】,01:04:53,https://www.youtube.com/live/OJM1IyrwAbk?si=KJ6MeDLOEbJl-3X5&t=3893
2024/03/09,瞬間ハートビート,ReGLOSS,【ハフバ記念歌枠】歌いながらハフアニバーサリーを祝う！🎉🎉【音乃瀬奏】,01:12:21,https://www.youtube.com/live/OJM1IyrwAbk?si=KJ6MeDLOEbJl-3X5&t=4341
2024/03/13,デビルじゃないもん,"DECO*27, ピノキオピー",【縦型歌枠】歌を歌っていく【音乃瀬奏】,00:13:42,https://www.youtube.com/live/ZDG_F2w1z8w?si=kPcjdoNMW4snGKEn&t=822
2024/03/13,妄想税,DECO*27,【縦型歌枠】歌を歌っていく【音乃瀬奏】,00:22:56,https://www.youtube.com/live/ZDG_F2w1z8w?si=kPcjdoNMW4snGKEn&t=1376
2024/03/13,乙女解剖,DECO*27,【縦型歌枠】歌を歌っていく【音乃瀬奏】,00:28:48,https://www.youtube.com/live/ZDG_F2w1z8w?si=kPcjdoNMW4snGKEn&t=1728
2024/03/13,モザイクロール,DECO*27,【縦型歌枠】歌を歌っていく【音乃瀬奏】,00:36:43,https://www.youtube.com/live/ZDG_F2w1z8w?si=kPcjdoNMW4snGKEn&t=2203
2024/03/13,ゴーストルール,DECO*27,【縦型歌枠】歌を歌っていく【音乃瀬奏】,00:41:18,https://www.youtube.com/live/ZDG_F2w1z8w?si=kPcjdoNMW4snGKEn&t=2478
2024/03/13,ヒバナ,DECO*27,【縦型歌枠】歌を歌っていく【音乃瀬奏】,00:49:24,https://www.youtube.com/live/ZDG_F2w1z8w?si=kPcjdoNMW4snGKEn&t=2964
2024/03/13,病名は愛だった,Neru,【縦型歌枠】歌を歌っていく【音乃瀬奏】,01:01:10,https://www.youtube.com/live/ZDG_F2w1z8w?si=kPcjdoNMW4snGKEn&t=3670
2024/03/13,ロストワンの号哭,Neru,【縦型歌枠】歌を歌っていく【音乃瀬奏】,01:09:44,https://www.youtube.com/live/ZDG_F2w1z8w?si=kPcjdoNMW4snGKEn&t=4184
2024/03/13,脳漿炸裂ガール,れるりり,【縦型歌枠】歌を歌っていく【音乃瀬奏】,01:18:10,https://www.youtube.com/live/ZDG_F2w1z8w?si=kPcjdoNMW4snGKEn&t=4690
2024/03/13,初音ミクの消失,cosMo@暴走P,【縦型歌枠】歌を歌っていく【音乃瀬奏】,01:24:12,https://www.youtube.com/live/ZDG_F2w1z8w?si=kPcjdoNMW4snGKEn&t=5052
2024/03/13,ロウワー,ぬゆり,【縦型歌枠】歌を歌っていく【音乃瀬奏】,01:35:09,https://www.youtube.com/live/ZDG_F2w1z8w?si=kPcjdoNMW4snGKEn&t=5709
2024/03/13,ビターチョコデコレーション,syudou,【縦型歌枠】歌を歌っていく【音乃瀬奏】,01:48:48,https://www.youtube.com/live/ZDG_F2w1z8w?si=kPcjdoNMW4snGKEn&t=6528
2024/03/13,きゅうくらりん,いよわ,【縦型歌枠】歌を歌っていく【音乃瀬奏】,01:52:18,https://www.youtube.com/live/ZDG_F2w1z8w?si=kPcjdoNMW4snGKEn&t=6738
2024/03/13,ロキ,みきとP,【縦型歌枠】歌を歌っていく【音乃瀬奏】,01:58:04,https://www.youtube.com/live/ZDG_F2w1z8w?si=kPcjdoNMW4snGKEn&t=7084
2024/03/20,忘れられないの,サカナクション,【縦型歌枠】リクエストを求めている【音乃瀬奏】,00:17:38,https://www.youtube.com/live/YrwsxnW-aow?si=l1QrGTUq4AtSNdDT&t=1058
2024/03/20,新宝島,サカナクション,【縦型歌枠】リクエストを求めている【音乃瀬奏】,00:23:27,https://www.youtube.com/live/YrwsxnW-aow?si=l1QrGTUq4AtSNdDT&t=1407
2024/03/20,天ノ弱,164,【縦型歌枠】リクエストを求めている【音乃瀬奏】,00:31:18,https://www.youtube.com/live/YrwsxnW-aow?si=l1QrGTUq4AtSNdDT&t=1878
2024/03/20,水流のロック,日食なつこ,【縦型歌枠】リクエストを求めている【音乃瀬奏】,00:42:39,https://www.youtube.com/live/YrwsxnW-aow?si=l1QrGTUq4AtSNdDT&t=2559
2024/03/20,瞬き,back number,【縦型歌枠】リクエストを求めている【音乃瀬奏】,00:45:17,https://www.youtube.com/live/YrwsxnW-aow?si=l1QrGTUq4AtSNdDT&t=2717
2024/03/20,春を告げる,yama,【縦型歌枠】リクエストを求めている【音乃瀬奏】,01:00:29,https://www.youtube.com/live/YrwsxnW-aow?si=l1QrGTUq4AtSNdDT&t=3629
2024/03/20,スパークル,RADWIMPS,【縦型歌枠】リクエストを求めている【音乃瀬奏】,01:06:00,https://www.youtube.com/live/YrwsxnW-aow?si=l1QrGTUq4AtSNdDT&t=3960
2024/03/20,メタモリボン,emon(Tes.),【縦型歌枠】リクエストを求めている【音乃瀬奏】,01:11:25,https://www.youtube.com/live/YrwsxnW-aow?si=l1QrGTUq4AtSNdDT&t=4285
2024/03/20,CH4NGE,Giga,【縦型歌枠】リクエストを求めている【音乃瀬奏】,01:17:15,https://www.youtube.com/live/YrwsxnW-aow?si=l1QrGTUq4AtSNdDT&t=4635
2024/03/20,晴る,ヨルシカ,【縦型歌枠】リクエストを求めている【音乃瀬奏】,01:20:05,https://www.youtube.com/live/YrwsxnW-aow?si=l1QrGTUq4AtSNdDT&t=4805
2024/03/20,ドラマツルギー,Eve,【縦型歌枠】リクエストを求めている【音乃瀬奏】,01:34:02,https://www.youtube.com/live/YrwsxnW-aow?si=l1QrGTUq4AtSNdDT&t=5642
2024/03/20,群青讃歌,Eve,【縦型歌枠】リクエストを求めている【音乃瀬奏】,01:40:41,https://www.youtube.com/live/YrwsxnW-aow?si=l1QrGTUq4AtSNdDT&t=6041
2024/03/20,わたしの一番かわいいところ,FRUITS ZIPPER,【縦型歌枠】リクエストを求めている【音乃瀬奏】,01:45:57,https://www.youtube.com/live/YrwsxnW-aow?si=l1QrGTUq4AtSNdDT&t=6357
2024/03/20,怪獣の花唄,Vaundy,【縦型歌枠】リクエストを求めている【音乃瀬奏】,01:51:27,https://www.youtube.com/live/YrwsxnW-aow?si=l1QrGTUq4AtSNdDT&t=6687
2024/03/20,瞬間ハートビート,ReGLOSS,【縦型歌枠】リクエストを求めている【音乃瀬奏】,01:58:33,https://www.youtube.com/live/YrwsxnW-aow?si=l1QrGTUq4AtSNdDT&t=7113
2024/04/03,瞬間ハートビート,ReGLOSS,【縦型歌枠】今日は勇気を出してちょっとホロ曲を歌ってみる【音乃瀬奏】,00:06:07,https://www.youtube.com/live/Ec8OAZot2-w?si=rhSX1uJVSl0u6r5j&t=367
2024/04/03,四季折の羽,ひとしずくP × やま△,【縦型歌枠】今日は勇気を出してちょっとホロ曲を歌ってみる【音乃瀬奏】,00:14:12,https://www.youtube.com/live/Ec8OAZot2-w?si=rhSX1uJVSl0u6r5j&t=852
2024/04/03,鬼ノ宴,友成空,【縦型歌枠】今日は勇気を出してちょっとホロ曲を歌ってみる【音乃瀬奏】,00:24:08,https://www.youtube.com/live/Ec8OAZot2-w?si=rhSX1uJVSl0u6r5j&t=1448
2024/04/03,晩餐歌,tuki.,【縦型歌枠】今日は勇気を出してちょっとホロ曲を歌ってみる【音乃瀬奏】,00:31:53,https://www.youtube.com/live/Ec8OAZot2-w?si=rhSX1uJVSl0u6r5j&t=1913
2024/04/03,晴る,ヨルシカ,【縦型歌枠】今日は勇気を出してちょっとホロ曲を歌ってみる【音乃瀬奏】,00:37:57,https://www.youtube.com/live/Ec8OAZot2-w?si=rhSX1uJVSl0u6r5j&t=2277
2024/04/03,恋の宅配便,瀬名航 feat. AZKi,【縦型歌枠】今日は勇気を出してちょっとホロ曲を歌ってみる【音乃瀬奏】,00:47:31,https://www.youtube.com/live/Ec8OAZot2-w?si=rhSX1uJVSl0u6r5j&t=2851
2024/04/03,Knock it out!,天音かなた,【縦型歌枠】今日は勇気を出してちょっとホロ曲を歌ってみる【音乃瀬奏】,00:54:34,https://www.youtube.com/live/Ec8OAZot2-w?si=rhSX1uJVSl0u6r5j&t=3274
2024/04/03,ビビデバ,星街すいせい,【縦型歌枠】今日は勇気を出してちょっとホロ曲を歌ってみる【音乃瀬奏】,00:59:44,https://www.youtube.com/live/Ec8OAZot2-w?si=rhSX1uJVSl0u6r5j&t=3584
2024/04/03,シンメトリー,ReGLOSS,【縦型歌枠】今日は勇気を出してちょっとホロ曲を歌ってみる【音乃瀬奏】,01:07:53,https://www.youtube.com/live/Ec8OAZot2-w?si=rhSX1uJVSl0u6r5j&t=4073
2024/04/03,ロウワー,ぬゆり,【縦型歌枠】今日は勇気を出してちょっとホロ曲を歌ってみる【音乃瀬奏】,01:15:26,https://www.youtube.com/live/Ec8OAZot2-w?si=rhSX1uJVSl0u6r5j&t=4526
2024/04/03,花になって,緑黄色社会,【縦型歌枠】今日は勇気を出してちょっとホロ曲を歌ってみる【音乃瀬奏】,01:29:06,https://www.youtube.com/live/Ec8OAZot2-w?si=rhSX1uJVSl0u6r5j&t=5346
2024/04/03,セブンティーン,YOASOBI,【縦型歌枠】今日は勇気を出してちょっとホロ曲を歌ってみる【音乃瀬奏】,01:36:00,https://www.youtube.com/live/Ec8OAZot2-w?si=rhSX1uJVSl0u6r5j&t=5760
2024/04/03,変わらないもの,奥華子,【縦型歌枠】今日は勇気を出してちょっとホロ曲を歌ってみる【音乃瀬奏】,01:43:04,https://www.youtube.com/live/Ec8OAZot2-w?si=rhSX1uJVSl0u6r5j&t=6184
2024/04/03,secret base ～君がくれたもの～,ZONE,【縦型歌枠】今日は勇気を出してちょっとホロ曲を歌ってみる【音乃瀬奏】,01:50:37,https://www.youtube.com/live/Ec8OAZot2-w?si=rhSX1uJVSl0u6r5j&t=6637
2024/04/17,夜もすがら君想ふ,TOKOTOKO,【縦型歌枠】ボカロ曲を歌う歌枠。ちょこちょこ流行りの曲【音乃瀬奏】,00:07:26,https://www.youtube.com/live/4G_l6xvI6vo?si=5U8nR5u5gPr6D7g4&t=446
2024/04/17,ジェヘナ,wotaku,【縦型歌枠】ボカロ曲を歌う歌枠。ちょこちょこ流行りの曲【音乃瀬奏】,00:15:33,https://www.youtube.com/live/4G_l6xvI6vo?si=5U8nR5u5gPr6D7g4&t=933
2024/04/17,CH4NGE,Giga,【縦型歌枠】ボカロ曲を歌う歌枠。ちょこちょこ流行りの曲【音乃瀬奏】,00:21:04,https://www.youtube.com/live/4G_l6xvI6vo?si=5U8nR5u5gPr6D7g4&t=1264
2024/04/17,人マニア,原口沙輔,【縦型歌枠】ボカロ曲を歌う歌枠。ちょこちょこ流行りの曲【音乃瀬奏】,00:25:28,https://www.youtube.com/live/4G_l6xvI6vo?si=5U8nR5u5gPr6D7g4&t=1528
2024/04/17,イガク,原口沙輔,【縦型歌枠】ボカロ曲を歌う歌枠。ちょこちょこ流行りの曲【音乃瀬奏】,00:30:43,https://www.youtube.com/live/4G_l6xvI6vo?si=5U8nR5u5gPr6D7g4&t=1843
2024/04/17,帝国少女,R Sound Design,【縦型歌枠】ボカロ曲を歌う歌枠。ちょこちょこ流行りの曲【音乃瀬奏】,00:35:09,https://www.youtube.com/live/4G_l6xvI6vo?si=5U8nR5u5gPr6D7g4&t=2109
2024/04/17,ラビットホール,DECO*27,【縦型歌枠】ボカロ曲を歌う歌枠。ちょこちょこ流行りの曲【音乃瀬奏】,00:42:03,https://www.youtube.com/live/4G_l6xvI6vo?si=5U8nR5u5gPr6D7g4&t=2523
2024/04/17,Flyer!,Chinozo,【縦型歌枠】ボカロ曲を歌う歌枠。ちょこちょこ流行りの曲【音乃瀬奏】,00:51:23,https://www.youtube.com/live/4G_l6xvI6vo?si=5U8nR5u5gPr6D7g4&t=3083
2024/04/17,ワールドイズマイン,ryo (supercell),【縦型歌枠】ボカロ曲を歌う歌枠。ちょこちょこ流行りの曲【音乃瀬奏】,00:56:56,https://www.youtube.com/live/4G_l6xvI6vo?si=5U8nR5u5gPr6D7g4&t=3416
2024/05/05,カワキヲアメク,美波,【 #ReGLOSS歌枠リレー 】最後まで楽しんでいこう！歌います！✨【音乃瀬奏】,00:02:50,https://www.youtube.com/live/0O36pmT9TBw?si=3rD7E_l0wAV_4Yv3&t=170
2024/05/05,幾億光年,Omoinotake,【 #ReGLOSS歌枠リレー 】最後まで楽しんでいこう！歌います！✨【音乃瀬奏】,00:10:51,https://www.youtube.com/live/0O36pmT9TBw?si=3rD7E_l0wAV_4Yv3&t=651
2024/05/05,人生は夢だらけ,椎名林檎,【 #ReGLOSS歌枠リレー 】最後まで楽しんでいこう！歌います！✨【音乃瀬奏】,00:19:04,https://www.youtube.com/live/0O36pmT9TBw?si=3rD7E_l0wAV_4Yv3&t=1144
2024/05/05,Answer,幾田りら,【 #ReGLOSS歌枠リレー 】最後まで楽しんでいこう！歌います！✨【音乃瀬奏】,00:25:21,https://www.youtube.com/live/0O36pmT9TBw?si=3rD7E_l0wAV_4Yv3&t=1521
2024/05/05,シンメトリー,ReGLOSS,【 #ReGLOSS歌枠リレー 】最後まで楽しんでいこう！歌います！✨【音乃瀬奏】,00:30:22,https://www.youtube.com/live/0O36pmT9TBw?si=3rD7E_l0wAV_4Yv3&t=1822
2024/05/08,花になって,緑黄色社会,【縦型歌枠】ちょっぴりとおしゃれな曲を歌いたい気持ち【音乃瀬奏】,00:04:56,https://www.youtube.com/live/IiVnwOy_CP0?si=Jk9A1SnvYGtm8G82&t=296
2024/05/08,鬼ノ宴,友成空,【縦型歌枠】ちょっぴりとおしゃれな曲を歌いたい気持ち【音乃瀬奏】,00:11:31,https://www.youtube.com/live/IiVnwOy_CP0?si=Jk9A1SnvYGtm8G82&t=691
2024/05/08,Deal with the devil,Tia,【縦型歌枠】ちょっぴりとおしゃれな曲を歌いたい気持ち【音乃瀬奏】,00:17:19,https://www.youtube.com/live/IiVnwOy_CP0?si=Jk9A1SnvYGtm8G82&t=1039
2024/05/08,ゴシップ,OSTER project,【縦型歌枠】ちょっぴりとおしゃれな曲を歌いたい気持ち【音乃瀬奏】,00:23:41,https://www.youtube.com/live/IiVnwOy_CP0?si=Jk9A1SnvYGtm8G82&t=1421
2024/05/08,ワンルーム・オール・ザット・ジャズ,DATEKEN,【縦型歌枠】ちょっぴりとおしゃれな曲を歌いたい気持ち【音乃瀬奏】,00:31:21,https://www.youtube.com/live/IiVnwOy_CP0?si=Jk9A1SnvYGtm8G82&t=1881
2024/05/08,ビビデバ,星街すいせい,【縦型歌枠】ちょっぴりとおしゃれな曲を歌いたい気持ち【音乃瀬奏】,00:36:55,https://www.youtube.com/live/IiVnwOy_CP0?si=Jk9A1SnvYGtm8G82&t=2215
2024/05/08,キャラクター,緑黄色社会,【縦型歌枠】ちょっぴりとおしゃれな曲を歌いたい気持ち【音乃瀬奏】,00:41:17,https://www.youtube.com/live/IiVnwOy_CP0?si=Jk9A1SnvYGtm8G82&t=2477
2024/05/08,相思相愛,aiko,【縦型歌枠】ちょっぴりとおしゃれな曲を歌いたい気持ち【音乃瀬奏】,00:47:02,https://www.youtube.com/live/IiVnwOy_CP0?si=Jk9A1SnvYGtm8G82&t=2822
2024/05/08,女の子は誰でも,東京事変,【縦型歌枠】ちょっぴりとおしゃれな曲を歌いたい気持ち【音乃瀬奏】,00:54:18,https://www.youtube.com/live/IiVnwOy_CP0?si=Jk9A1SnvYGtm8G82&t=3258
2024/05/29,Shiny Smily Story,hololive IDOL PROJECT,【ホロ曲縛り / 縦型歌枠】ホロ曲を歌っていく【音乃瀬奏】,00:12:09,https://www.youtube.com/live/nNjpdHfB70Y?si=twzYoTAjvJuaTSXc&t=729
2024/05/29,BLUE CLAPPER,hololive IDOL PROJECT,【ホロ曲縛り / 縦型歌枠】ホロ曲を歌っていく【音乃瀬奏】,00:19:34,https://www.youtube.com/live/nNjpdHfB70Y?si=twzYoTAjvJuaTSXc&t=1174
2024/05/29,Suspect,hololive IDOL PROJECT,【ホロ曲縛り / 縦型歌枠】ホロ曲を歌っていく【音乃瀬奏】,00:25:36,https://www.youtube.com/live/nNjpdHfB70Y?si=twzYoTAjvJuaTSXc&t=1536
2024/05/29,I'm Your Treasure Box *あなたは マリンせんちょうを たからばこからみつけた。,宝鐘マリン,【ホロ曲縛り / 縦型歌枠】ホロ曲を歌っていく【音乃瀬奏】,00:32:51,https://www.youtube.com/live/nNjpdHfB70Y?si=twzYoTAjvJuaTSXc&t=1971
2024/05/29,ビビデバ,星街すいせい,【ホロ曲縛り / 縦型歌枠】ホロ曲を歌っていく【音乃瀬奏】,00:41:07,https://www.youtube.com/live/nNjpdHfB70Y?si=twzYoTAjvJuaTSXc&t=2467
2024/05/29,FACT,常闇トワ,【ホロ曲縛り / 縦型歌枠】ホロ曲を歌っていく【音乃瀬奏】,00:46:43,https://www.youtube.com/live/nNjpdHfB70Y?si=twzYoTAjvJuaTSXc&t=2803
2024/05/29,至上主義アドトラック,hololive IDOL PROJECT,【ホロ曲縛り / 縦型歌枠】ホロ曲を歌っていく【音乃瀬奏】,00:52:08,https://www.youtube.com/live/nNjpdHfB70Y?si=twzYoTAjvJuaTSXc&t=3128
2024/05/29,mumei,七詩ムメイ,【ホロ曲縛り / 縦型歌枠】ホロ曲を歌っていく【音乃瀬奏】,00:58:24,https://www.youtube.com/live/nNjpdHfB70Y?si=twzYoTAjvJuaTSXc&t=3504
2024/05/29,Caesura of Despair,IRyS,【ホロ曲縛り / 縦型歌枠】ホロ曲を歌っていく【音乃瀬奏】,01:04:40,https://www.youtube.com/live/nNjpdHfB70Y?si=twzYoTAjvJuaTSXc&t=3880
2024/05/29,いのち,AZKi,【ホロ曲縛り / 縦型歌枠】ホロ曲を歌っていく【音乃瀬奏】,01:15:37,https://www.youtube.com/live/nNjpdHfB70Y?si=twzYoTAjvJuaTSXc&t=4537
2024/05/29,My song,角巻わため,【ホロ曲縛り / 縦型歌枠】ホロ曲を歌っていく【音乃瀬奏】,01:23:26,https://www.youtube.com/live/nNjpdHfB70Y?si=twzYoTAjvJuaTSXc&t=5006
2024/05/29,シンメトリー,ReGLOSS,【ホロ曲縛り / 縦型歌枠】ホロ曲を歌っていく【音乃瀬奏】,01:28:47,https://www.youtube.com/live/nNjpdHfB70Y?si=twzYoTAjvJuaTSXc&t=5327
2024/05/29,瞬間ハートビート,ReGLOSS,【ホロ曲縛り / 縦型歌枠】ホロ曲を歌っていく【音乃瀬奏】,01:33:18,https://www.youtube.com/live/nNjpdHfB70Y?si=twzYoTAjvJuaTSXc&t=5598
2024/06/07,あのバンド,結束バンド,【40万人耐久歌枠】40万人目指して歌うぞ～！縦型です！【音乃瀬奏】,00:06:42,https://www.youtube.com/live/igOa9fUQxcg?si=H_461gj-YJYf1R-S&t=402
2024/06/07,青春コンプレックス,結束バンド,【40万人耐久歌枠】40万人目指して歌うぞ～！縦型です！【音乃瀬奏】,00:11:22,https://www.youtube.com/live/igOa9fUQxcg?si=H_461gj-YJYf1R-S&t=682
2024/06/07,能動的三分間,東京事変,【40万人耐久歌枠】40万人目指して歌うぞ～！縦型です！【音乃瀬奏】,00:18:02,https://www.youtube.com/live/igOa9fUQxcg?si=H_461gj-YJYf1R-S&t=1082
2024/06/07,ビビデバ,星街すいせい,【40万人耐久歌枠】40万人目指して歌うぞ～！縦型です！【音乃瀬奏】,00:23:35,https://www.youtube.com/live/igOa9fUQxcg?si=H_461gj-YJYf1R-S&t=1415
2024/06/07,シュガーソングとビターステップ,UNISON SQUARE GARDEN,【40万人耐久歌枠】40万人目指して歌うぞ～！縦型です！【音乃瀬奏】,00:29:40,https://www.youtube.com/live/igOa9fUQxcg?si=H_461gj-YJYf1R-S&t=1780
2024/06/07,クラクラ,Ado,【40万人耐久歌枠】40万人目指して歌うぞ～！縦型です！【音乃瀬奏】,00:35:44,https://www.youtube.com/live/igOa9fUQxcg?si=H_461gj-YJYf1R-S&t=2144
2024/06/07,Mela!,緑黄色社会,【40万人耐久歌枠】40万人目指して歌うぞ～！縦型です！【音乃瀬奏】,00:40:44,https://www.youtube.com/live/igOa9fUQxcg?si=H_461gj-YJYf1R-S&t=2444
2024/06/07,幾億光年,Omoinotake,【40万人耐久歌枠】40万人目指して歌うぞ～！縦型です！【音乃瀬奏】,00:46:18,https://www.youtube.com/live/igOa9fUQxcg?si=H_461gj-YJYf1R-S&t=2778
2024/06/07,アイドル,YOASOBI,【40万人耐久歌枠】40万人目指して歌うぞ～！縦型です！【音乃瀬奏】,00:52:36,https://www.youtube.com/live/igOa9fUQxcg?si=H_461gj-YJYf1R-S&t=3156
2024/06/07,残機,ずっと真夜中でいいのに,【40万人耐久歌枠】40万人目指して歌うぞ～！縦型です！【音乃瀬奏】,00:58:16,https://www.youtube.com/live/igOa9fUQxcg?si=H_461gj-YJYf1R-S&t=3496
2024/06/07,KICK BACK,米津玄師,【40万人耐久歌枠】40万人目指して歌うぞ～！縦型です！【音乃瀬奏】,01:05:26,https://www.youtube.com/live/igOa9fUQxcg?si=H_461gj-YJYf1R-S&t=3926
2024/06/07,シャルル,バルーン,【40万人耐久歌枠】40万人目指して歌うぞ～！縦型です！【音乃瀬奏】,01:10:00,https://www.youtube.com/live/igOa9fUQxcg?si=H_461gj-YJYf1R-S&t=4200
2024/06/07,ロキ,みきとP,【40万人耐久歌枠】40万人目指して歌うぞ～！縦型です！【音乃瀬奏】,01:15:47,https://www.youtube.com/live/igOa9fUQxcg?si=H_461gj-YJYf1R-S&t=4547
2024/06/07,少女レイ,みきとP,【40万人耐久歌枠】40万人目指して歌うぞ～！縦型です！【音乃瀬奏】,01:21:15,https://www.youtube.com/live/igOa9fUQxcg?si=H_461gj-YJYf1R-S&t=4875
2024/06/07,Subtitle,Official髭男dism,【40万人耐久歌枠】40万人目指して歌うぞ～！縦型です！【音乃瀬奏】,01:27:31,https://www.youtube.com/live/igOa9fUQxcg?si=H_461gj-YJYf1R-S&t=5251
2024/06/07,LADY,米津玄師,【40万人耐久歌枠】40万人目指して歌うぞ～！縦型です！【音乃瀬奏】,01:34:26,https://www.youtube.com/live/igOa9fUQxcg?si=H_461gj-YJYf1R-S&t=5666
2024/06/07,地球儀,米津玄師,【40万人耐久歌枠】40万人目指して歌うぞ～！縦型です！【音乃瀬奏】,01:39:33,https://www.youtube.com/live/igOa9fUQxcg?si=H_461gj-YJYf1R-S&t=5973
2024/06/07,Answer,幾田りら,【40万人耐久歌枠】40万人目指して歌うぞ～！縦型です！【音乃瀬奏】,01:48:12,https://www.youtube.com/live/igOa9fUQxcg?si=H_461gj-YJYf1R-S&t=6492
2024/06/07,晩餐歌,tuki.,【40万人耐久歌枠】40万人目指して歌うぞ～！縦型です！【音乃瀬奏】,01:54:44,https://www.youtube.com/live/igOa9fUQxcg?si=H_461gj-YJYf1R-S&t=6884
2024/06/07,星座になれたら,結束バンド,【40万人耐久歌枠】40万人目指して歌うぞ～！縦型です！【音乃瀬奏】,01:59:37,https://www.youtube.com/live/igOa9fUQxcg?si=H_461gj-YJYf1R-S&t=7177
2024/06/07,瞬間ハートビート,ReGLOSS,【40万人耐久歌枠】40万人目指して歌うぞ～！縦型です！【音乃瀬奏】,02:05:10,https://www.youtube.com/live/igOa9fUQxcg?si=H_461gj-YJYf1R-S&t=7510
2024/06/07,シンメトリー,ReGLOSS,【40万人耐久歌枠】40万人目指して歌うぞ～！縦型です！【音乃瀬奏】,02:11:54,https://www.youtube.com/live/igOa9fUQxcg?si=H_461gj-YJYf1R-S&t=7914
2024/06/12,シル・ヴ・プレジデント,P丸様。,【歌枠】このあと歌ってみたがあがる歌枠【音乃瀬奏】,00:05:27,https://www.youtube.com/live/CTlYjh1Gy6k?si=MWFsH4wjvkBIwsjM&t=327
2024/06/12,食虫植物,理芽,【歌枠】このあと歌ってみたがあがる歌枠【音乃瀬奏】,00:12:02,https://www.youtube.com/live/CTlYjh1Gy6k?si=MWFsH4wjvkBIwsjM&t=722
2024/06/12,不可幸力,Vaundy,【歌枠】このあと歌ってみたがあがる歌枠【音乃瀬奏】,00:17:49,https://www.youtube.com/live/CTlYjh1Gy6k?si=MWFsH4wjvkBIwsjM&t=1069
2024/06/12,-ERROR,niki,【歌枠】このあと歌ってみたがあがる歌枠【音乃瀬奏】,00:26:05,https://www.youtube.com/live/CTlYjh1Gy6k?si=MWFsH4wjvkBIwsjM&t=1565
2024/06/12,Catch the Moment,LiSA,【歌枠】このあと歌ってみたがあがる歌枠【音乃瀬奏】,00:34:24,https://www.youtube.com/live/CTlYjh1Gy6k?si=MWFsH4wjvkBIwsjM&t=2064
2024/06/12,ソワレ,星街すいせい,【歌枠】このあと歌ってみたがあがる歌枠【音乃瀬奏】,00:43:11,https://www.youtube.com/live/CTlYjh1Gy6k?si=MWFsH4wjvkBIwsjM&t=2591
2024/06/12,ただ君に晴れ,ヨルシカ,【歌枠】このあと歌ってみたがあがる歌枠【音乃瀬奏】,00:50:44,https://www.youtube.com/live/CTlYjh1Gy6k?si=MWFsH4wjvkBIwsjM&t=3044
2024/07/07,プラネタリウム,大塚 愛,【 #ReGLOSS歌枠リレー 】七夕記念、リクエスト曲を歌います！リレー最後まで盛り上がって行こ～！🎵【音乃瀬奏】,00:03:34,https://www.youtube.com/live/IuoVrIn4OcM?si=pkdBeSZomrQAM4PU&t=214
2024/07/07,ベテルギウス,優里,【 #ReGLOSS歌枠リレー 】七夕記念、リクエスト曲を歌います！リレー最後まで盛り上がって行こ～！🎵【音乃瀬奏】,00:09:57,https://www.youtube.com/live/IuoVrIn4OcM?si=pkdBeSZomrQAM4PU&t=597
2024/07/07,ホシアイ,レフティーモンスターP,【 #ReGLOSS歌枠リレー 】七夕記念、リクエスト曲を歌います！リレー最後まで盛り上がって行こ～！🎵【音乃瀬奏】,00:14:54,https://www.youtube.com/live/IuoVrIn4OcM?si=pkdBeSZomrQAM4PU&t=894
2024/07/07,ソワレ,星街すいせい,【 #ReGLOSS歌枠リレー 】七夕記念、リクエスト曲を歌います！リレー最後まで盛り上がって行こ～！🎵【音乃瀬奏】,00:20:48,https://www.youtube.com/live/IuoVrIn4OcM?si=pkdBeSZomrQAM4PU&t=1248
2024/07/07,天体観測,BUMP OF CHICKEN,【 #ReGLOSS歌枠リレー 】七夕記念、リクエスト曲を歌います！リレー最後まで盛り上がって行こ～！🎵【音乃瀬奏】,00:25:36,https://www.youtube.com/live/IuoVrIn4OcM?si=pkdBeSZomrQAM4PU&t=1536
2024/07/07,ステラ,じん,【 #ReGLOSS歌枠リレー 】七夕記念、リクエスト曲を歌います！リレー最後まで盛り上がって行こ～！🎵【音乃瀬奏】,00:30:45,https://www.youtube.com/live/IuoVrIn4OcM?si=pkdBeSZomrQAM4PU&t=1845
2024/07/07,オリオンをなぞる,UNISON SQUARE GARDEN,【 #ReGLOSS歌枠リレー 】七夕記念、リクエスト曲を歌います！リレー最後まで盛り上がって行こ～！🎵【音乃瀬奏】,00:34:15,https://www.youtube.com/live/IuoVrIn4OcM?si=pkdBeSZomrQAM4PU&t=2055
2024/08/27,メフィスト,女王蜂,【 #ReGLOSS歌枠リレー 】課題曲を歌っていくよ🔥【音乃瀬奏】,00:01:12,https://www.youtube.com/live/fzojx27z2Go?si=WXVdHBYhnd0mp3fz&t=72
2024/08/27,気まぐれロマンティック,いきものがかり,【 #ReGLOSS歌枠リレー 】課題曲を歌っていくよ🔥【音乃瀬奏】,00:07:40,https://www.youtube.com/live/fzojx27z2Go?si=WXVdHBYhnd0mp3fz&t=460
2024/08/27,本能,椎名林檎,【 #ReGLOSS歌枠リレー 】課題曲を歌っていくよ🔥【音乃瀬奏】,00:13:02,https://www.youtube.com/live/fzojx27z2Go?si=WXVdHBYhnd0mp3fz&t=782
2024/08/27,キャラクター,緑黄色社会,【 #ReGLOSS歌枠リレー 】課題曲を歌っていくよ🔥【音乃瀬奏】,00:18:12,https://www.youtube.com/live/fzojx27z2Go?si=WXVdHBYhnd0mp3fz&t=1092
2024/08/27,泡沫メイビー,ReGLOSS,【 #ReGLOSS歌枠リレー 】課題曲を歌っていくよ🔥【音乃瀬奏】,00:24:18,https://www.youtube.com/live/fzojx27z2Go?si=WXVdHBYhnd0mp3fz&t=1458
2024/08/27,天体観測,BUMP OF CHICKEN,【 #ReGLOSS歌枠リレー 】課題曲を歌っていくよ🔥【音乃瀬奏】,00:28:54,https://www.youtube.com/live/fzojx27z2Go?si=WXVdHBYhnd0mp3fz&t=1734
2024/09/08,LADY,米津玄師,【 1周年カウントダウン 】明日で1周年！いっぱいお祝いしたい🎵【音乃瀬奏】,0:12:20,https://www.youtube.com/live/FVWcmKURIWQ?si=GTbxFQNBL8Fa3Yqr&t=740
2024/09/08,星座になれたら,結束バンド,【 1周年カウントダウン 】明日で1周年！いっぱいお祝いしたい🎵【音乃瀬奏】,0:17:56,https://www.youtube.com/live/FVWcmKURIWQ?si=GTbxFQNBL8Fa3Yqr&t=1076
2024/09/08,ニア,夏代孝明,【 1周年カウントダウン 】明日で1周年！いっぱいお祝いしたい🎵【音乃瀬奏】,0:24:38,https://www.youtube.com/live/FVWcmKURIWQ?si=GTbxFQNBL8Fa3Yqr&t=1478
2024/09/08,鱗,秦 基博,【 1周年カウントダウン 】明日で1周年！いっぱいお祝いしたい🎵【音乃瀬奏】,0:33:19,https://www.youtube.com/live/FVWcmKURIWQ?si=GTbxFQNBL8Fa3Yqr&t=1999
2024/09/08,ベテルギウス,優里,【 1周年カウントダウン 】明日で1周年！いっぱいお祝いしたい🎵【音乃瀬奏】,0:42:59,https://www.youtube.com/live/FVWcmKURIWQ?si=GTbxFQNBL8Fa3Yqr&t=2579
2024/09/08,Departures  ~ あなたにおくるアイの歌 ~,EGOIST,【 1周年カウントダウン 】明日で1周年！いっぱいお祝いしたい🎵【音乃瀬奏】,0:48:50,https://www.youtube.com/live/FVWcmKURIWQ?si=GTbxFQNBL8Fa3Yqr&t=2930
2024/09/08,瞬間ハートビート,ReGLOSS,【 1周年カウントダウン 】明日で1周年！いっぱいお祝いしたい🎵【音乃瀬奏】,0:55:12,https://www.youtube.com/live/FVWcmKURIWQ?si=GTbxFQNBL8Fa3Yqr&t=3312
2024/09/08,Subtitle,Official髭男dism,【 1周年カウントダウン 】明日で1周年！いっぱいお祝いしたい🎵【音乃瀬奏】,1:13:07,https://www.youtube.com/live/FVWcmKURIWQ?si=GTbxFQNBL8Fa3Yqr&t=4387
2024/09/08,クラクラ,Ado,【 1周年カウントダウン 】明日で1周年！いっぱいお祝いしたい🎵【音乃瀬奏】,1:23:12,https://www.youtube.com/live/FVWcmKURIWQ?si=GTbxFQNBL8Fa3Yqr&t=4992
2024/09/08,酔いどれ知らず,Kanaria,【 1周年カウントダウン 】明日で1周年！いっぱいお祝いしたい🎵【音乃瀬奏】,1:28:27,https://www.youtube.com/live/FVWcmKURIWQ?si=GTbxFQNBL8Fa3Yqr&t=5307
2024/09/08,ファンサ,HoneyWorks,【 1周年カウントダウン 】明日で1周年！いっぱいお祝いしたい🎵【音乃瀬奏】,1:37:33,https://www.youtube.com/live/FVWcmKURIWQ?si=GTbxFQNBL8Fa3Yqr&t=5853
2024/09/08,オトナブルー,新しい学校のリーダーズ,【 1周年カウントダウン 】明日で1周年！いっぱいお祝いしたい🎵【音乃瀬奏】,1:44:51,https://www.youtube.com/live/FVWcmKURIWQ?si=GTbxFQNBL8Fa3Yqr&t=6291
2024/09/08,唱,Ado,【 1周年カウントダウン 】明日で1周年！いっぱいお祝いしたい🎵【音乃瀬奏】,1:50:49,https://www.youtube.com/live/FVWcmKURIWQ?si=GTbxFQNBL8Fa3Yqr&t=6649
2024/09/08,花になって,緑黄色社会,【 1周年カウントダウン 】明日で1周年！いっぱいお祝いしたい🎵【音乃瀬奏】,1:57:09,https://www.youtube.com/live/FVWcmKURIWQ?si=GTbxFQNBL8Fa3Yqr&t=7029
2024/09/08,オリオンをなぞる,UNISON SQUARE GARDEN,【 1周年カウントダウン 】明日で1周年！いっぱいお祝いしたい🎵【音乃瀬奏】,2:02:12,https://www.youtube.com/live/FVWcmKURIWQ?si=GTbxFQNBL8Fa3Yqr&t=7332
2024/09/08,鬼ノ宴,友成空,【 1周年カウントダウン 】明日で1周年！いっぱいお祝いしたい🎵【音乃瀬奏】,2:11:50,https://www.youtube.com/live/FVWcmKURIWQ?si=GTbxFQNBL8Fa3Yqr&t=7910
2024/09/08,Overdose,なとり,【 1周年カウントダウン 】明日で1周年！いっぱいお祝いしたい🎵【音乃瀬奏】,2:19:41,https://www.youtube.com/live/FVWcmKURIWQ?si=GTbxFQNBL8Fa3Yqr&t=8381
2024/09/08,KICK BACK,米津玄師,【 1周年カウントダウン 】明日で1周年！いっぱいお祝いしたい🎵【音乃瀬奏】,2:26:39,https://www.youtube.com/live/FVWcmKURIWQ?si=GTbxFQNBL8Fa3Yqr&t=8799
2024/09/08,フォニイ,ツミキ,【 1周年カウントダウン 】明日で1周年！いっぱいお祝いしたい🎵【音乃瀬奏】,2:33:14,https://www.youtube.com/live/FVWcmKURIWQ?si=GTbxFQNBL8Fa3Yqr&t=9194
2024/09/08,ビビデバ,星街すいせい,【 1周年カウントダウン 】明日で1周年！いっぱいお祝いしたい🎵【音乃瀬奏】,2:43:25,https://www.youtube.com/live/FVWcmKURIWQ?si=GTbxFQNBL8Fa3Yqr&t=9805
2024/09/08,-ERROR,niki,【 1周年カウントダウン 】明日で1周年！いっぱいお祝いしたい🎵【音乃瀬奏】,2:47:42,https://www.youtube.com/live/FVWcmKURIWQ?si=GTbxFQNBL8Fa3Yqr&t=10062
2024/09/08,炉心融解,iroha (sasaki),【 1周年カウントダウン 】明日で1周年！いっぱいお祝いしたい🎵【音乃瀬奏】,2:55:21,https://www.youtube.com/live/FVWcmKURIWQ?si=GTbxFQNBL8Fa3Yqr&t=10521
2024/09/08,ゴシップ,OSTER project,【 1周年カウントダウン 】明日で1周年！いっぱいお祝いしたい🎵【音乃瀬奏】,3:01:39,https://www.youtube.com/live/FVWcmKURIWQ?si=GTbxFQNBL8Fa3Yqr&t=10899
2024/09/08,ソワレ,星街すいせい,【 1周年カウントダウン 】明日で1周年！いっぱいお祝いしたい🎵【音乃瀬奏】,3:11:17,https://www.youtube.com/live/FVWcmKURIWQ?si=GTbxFQNBL8Fa3Yqr&t=11477
2024/09/08,ノーダウト,Official髭男dism,【 1周年カウントダウン 】明日で1周年！いっぱいお祝いしたい🎵【音乃瀬奏】,3:16:31,https://www.youtube.com/live/FVWcmKURIWQ?si=GTbxFQNBL8Fa3Yqr&t=11791
2024/09/08,ワールドイズマイン,ryo (supercell),【 1周年カウントダウン 】明日で1周年！いっぱいお祝いしたい🎵【音乃瀬奏】,3:22:12,https://www.youtube.com/live/FVWcmKURIWQ?si=GTbxFQNBL8Fa3Yqr&t=12132
2024/09/08,Mela!,緑黄色社会,【 1周年カウントダウン 】明日で1周年！いっぱいお祝いしたい🎵【音乃瀬奏】,3:33:55,https://www.youtube.com/live/FVWcmKURIWQ?si=GTbxFQNBL8Fa3Yqr&t=12835
2024/09/08,きゅうくらりん,いよわ,【 1周年カウントダウン 】明日で1周年！いっぱいお祝いしたい🎵【音乃瀬奏】,3:41:30,https://www.youtube.com/live/FVWcmKURIWQ?si=GTbxFQNBL8Fa3Yqr&t=13290
2024/09/08,からくりピエロ,40mP,【 1周年カウントダウン 】明日で1周年！いっぱいお祝いしたい🎵【音乃瀬奏】,3:45:53,https://www.youtube.com/live/FVWcmKURIWQ?si=GTbxFQNBL8Fa3Yqr&t=13553
2024/09/08,もってけ！セーラーふく,"泉こなた(平野綾), 柊かがみ(加藤英美里), 柊つかさ(福原香織), 高良みゆき(遠藤綾)",【 1周年カウントダウン 】明日で1周年！いっぱいお祝いしたい🎵【音乃瀬奏】,3:52:57,https://www.youtube.com/live/FVWcmKURIWQ?si=GTbxFQNBL8Fa3Yqr&t=13977
2024/09/08,キラメキライダー☆,hololive IDOL PROJECT,【 1周年カウントダウン 】明日で1周年！いっぱいお祝いしたい🎵【音乃瀬奏】,3:59:54,https://www.youtube.com/live/FVWcmKURIWQ?si=GTbxFQNBL8Fa3Yqr&t=14394
2024/10/07,bvdiz,ReGLOSS,【歌枠】50万人耐久！！歌います！！縦型です！【音乃瀬奏】,00:03:35,https://www.youtube.com/live/BILMZyLkaKA?si=43pJ5hr28k9geD78&t=00h03m35s
2024/10/07,LAKI MODE,音乃瀬奏ｘ轟はじめ,【歌枠】50万人耐久！！歌います！！縦型です！【音乃瀬奏】,00:09:07,https://www.youtube.com/live/BILMZyLkaKA?si=43pJ5hr28k9geD78&t=00h09m07s
2024/10/07,いかないで,想太feat.歌愛ユキ,【歌枠】50万人耐久！！歌います！！縦型です！【音乃瀬奏】,00:14:44,https://www.youtube.com/live/BILMZyLkaKA?si=43pJ5hr28k9geD78&t=00h14m44s
2024/10/07,白金ディスコ,阿良々木月火(井口裕香),【歌枠】50万人耐久！！歌います！！縦型です！【音乃瀬奏】,00:19:18,https://www.youtube.com/live/BILMZyLkaKA?si=43pJ5hr28k9geD78&t=00h19m18s
2024/10/07,シンメトリー,ReGLOSS,【歌枠】50万人耐久！！歌います！！縦型です！【音乃瀬奏】,00:25:36,https://www.youtube.com/live/BILMZyLkaKA?si=43pJ5hr28k9geD78&t=00h25m36s
2024/10/07,シャンティ,wowaku,【歌枠】50万人耐久！！歌います！！縦型です！【音乃瀬奏】,00:30:51,https://www.youtube.com/live/BILMZyLkaKA?si=43pJ5hr28k9geD78&t=00h30m51s
2024/10/07,CHA4NGE,Giga,【歌枠】50万人耐久！！歌います！！縦型です！【音乃瀬奏】,00:34:40,https://www.youtube.com/live/BILMZyLkaKA?si=43pJ5hr28k9geD78&t=00h34m40s
2024/10/07,モエチャッカファイア,弌誠,【歌枠】50万人耐久！！歌います！！縦型です！【音乃瀬奏】,00:38:17,https://www.youtube.com/live/BILMZyLkaKA?si=43pJ5hr28k9geD78&t=00h38m17s
2024/10/07,イガク,原口沙輔,【歌枠】50万人耐久！！歌います！！縦型です！【音乃瀬奏】,00:42:05,https://www.youtube.com/live/BILMZyLkaKA?si=43pJ5hr28k9geD78&t=00h42m05s
2024/10/07,ビビデバ,星街すいせい,【歌枠】50万人耐久！！歌います！！縦型です！【音乃瀬奏】,00:47:10,https://www.youtube.com/live/BILMZyLkaKA?si=43pJ5hr28k9geD78&t=00h47m10s
2024/10/07,BANDAGE,Ayumu Imazu,【歌枠】50万人耐久！！歌います！！縦型です！【音乃瀬奏】,00:56:03,https://www.youtube.com/live/BILMZyLkaKA?si=43pJ5hr28k9geD78&t=00h56m03s
2024/10/07,UNDEAD,YOASOBI,【歌枠】50万人耐久！！歌います！！縦型です！【音乃瀬奏】,01:00:44,https://www.youtube.com/live/BILMZyLkaKA?si=43pJ5hr28k9geD78&t=01h00m44s
2024/10/07,はいよろこんで,こっちのけんと,【歌枠】50万人耐久！！歌います！！縦型です！【音乃瀬奏】,01:06:19,https://www.youtube.com/live/BILMZyLkaKA?si=43pJ5hr28k9geD78&t=01h06m19s
2024/10/07,カタオモイ,Aimer,【歌枠】50万人耐久！！歌います！！縦型です！【音乃瀬奏】,01:10:25,https://www.youtube.com/live/BILMZyLkaKA?si=43pJ5hr28k9geD78&t=01h10m25s
2024/10/07,ただ君に晴れ,ヨルシカ,【歌枠】50万人耐久！！歌います！！縦型です！【音乃瀬奏】,01:15:41,https://www.youtube.com/live/BILMZyLkaKA?si=43pJ5hr28k9geD78&t=01h15m41s
2024/10/07,だから僕は音楽を辞めた,ヨルシカ,【歌枠】50万人耐久！！歌います！！縦型です！【音乃瀬奏】,01:19:56,https://www.youtube.com/live/BILMZyLkaKA?si=43pJ5hr28k9geD78&t=01h19m56s
2024/10/07,花に亡霊,ヨルシカ,【歌枠】50万人耐久！！歌います！！縦型です！【音乃瀬奏】,01:26:28,https://www.youtube.com/live/BILMZyLkaKA?si=43pJ5hr28k9geD78&t=01h26m28s
2024/10/07,プラチナ,坂本真綾,【歌枠】50万人耐久！！歌います！！縦型です！【音乃瀬奏】,01:32:41,https://www.youtube.com/live/BILMZyLkaKA?si=43pJ5hr28k9geD78&t=01h32m41s
2024/10/07,地球儀,米津玄師,【歌枠】50万人耐久！！歌います！！縦型です！【音乃瀬奏】,01:38:13,https://www.youtube.com/live/BILMZyLkaKA?si=43pJ5hr28k9geD78&t=01h38m13s
2024/10/07,恋愛サーキュレーション,千石撫子(花澤香菜),【歌枠】50万人耐久！！歌います！！縦型です！【音乃瀬奏】,01:46:15,https://www.youtube.com/live/BILMZyLkaKA?si=43pJ5hr28k9geD78&t=01h46m15s
2024/10/07,フィーリングラデーション,ReGLOSS,【歌枠】50万人耐久！！歌います！！縦型です！【音乃瀬奏】,01:51:14,https://www.youtube.com/live/BILMZyLkaKA?si=43pJ5hr28k9geD78&t=01h51m14s
2024/10/07,瞬間ハートビート,ReGLOSS,【歌枠】50万人耐久！！歌います！！縦型です！【音乃瀬奏】,01:56:12,https://www.youtube.com/live/BILMZyLkaKA?si=43pJ5hr28k9geD78&t=01h56m12s
2024/11/13,オリオンをなぞる,UNISON SQUARE GARDEN,【縦型 / 歌枠】張り切って歌いましょう【音乃瀬奏】,0:06:19,https://www.youtube.com/live/6MrRFAKM814?si=aTg5BFwgryLbf6YD&t=379
2024/11/13,気まぐれロマンティック,いきものがかり,【縦型 / 歌枠】張り切って歌いましょう【音乃瀬奏】,0:12:27,https://www.youtube.com/live/6MrRFAKM814?si=aTg5BFwgryLbf6YD&t=747
2024/11/13,U,millennium parade × Belle,【縦型 / 歌枠】張り切って歌いましょう【音乃瀬奏】,0:19:23,https://www.youtube.com/live/6MrRFAKM814?si=aTg5BFwgryLbf6YD&t=1163
2024/11/13,月陽 ツキアカリ,みきとP,【縦型 / 歌枠】張り切って歌いましょう【音乃瀬奏】,0:24:18,https://www.youtube.com/live/6MrRFAKM814?si=aTg5BFwgryLbf6YD&t=1458
2024/11/13,悪魔の子,ヒグチアイ,【縦型 / 歌枠】張り切って歌いましょう【音乃瀬奏】,0:30:30,https://www.youtube.com/live/6MrRFAKM814?si=aTg5BFwgryLbf6YD&t=1830
2024/11/13,地球儀,米津玄師,【縦型 / 歌枠】張り切って歌いましょう【音乃瀬奏】,0:37:57,https://www.youtube.com/live/6MrRFAKM814?si=aTg5BFwgryLbf6YD&t=2277
2024/11/13,小夜子,みきとP,【縦型 / 歌枠】張り切って歌いましょう【音乃瀬奏】,0:45:17,https://www.youtube.com/live/6MrRFAKM814?si=aTg5BFwgryLbf6YD&t=2717
2024/11/13,晩餐歌,tuki.,【縦型 / 歌枠】張り切って歌いましょう【音乃瀬奏】,0:50:31,https://www.youtube.com/live/6MrRFAKM814?si=aTg5BFwgryLbf6YD&t=3031
2024/11/13,ベテルギウス,優里,【縦型 / 歌枠】張り切って歌いましょう【音乃瀬奏】,0:55:26,https://www.youtube.com/live/6MrRFAKM814?si=aTg5BFwgryLbf6YD&t=3326
2024/11/13,幾億光年,Omoinotake,【縦型 / 歌枠】張り切って歌いましょう【音乃瀬奏】,1:01:54,https://www.youtube.com/live/6MrRFAKM814?si=aTg5BFwgryLbf6YD&t=3714
2024/11/13,Mela!,緑黄色社会,【縦型 / 歌枠】張り切って歌いましょう【音乃瀬奏】,1:08:20,https://www.youtube.com/live/6MrRFAKM814?si=aTg5BFwgryLbf6YD&t=4100
2024/11/13,ノーダウト,Official髭男dism,【縦型 / 歌枠】張り切って歌いましょう【音乃瀬奏】,1:13:28,https://www.youtube.com/live/6MrRFAKM814?si=aTg5BFwgryLbf6YD&t=4408
2024/11/13,忘れてください,ヨルシカ,【縦型 / 歌枠】張り切って歌いましょう【音乃瀬奏】,1:20:36,https://www.youtube.com/live/6MrRFAKM814?si=aTg5BFwgryLbf6YD&t=4836
2024/11/13,No Logic,ジミーサムP,【縦型 / 歌枠】張り切って歌いましょう【音乃瀬奏】,1:27:07,https://www.youtube.com/live/6MrRFAKM814?si=aTg5BFwgryLbf6YD&t=5227
2024/11/15,瞬間ハートビート,ReGLOSS,【縦型 / 歌枠】5曲ホロ曲を歌って去る歌枠！腹から声出せ！【音乃瀬奏】,0:06:08,https://www.youtube.com/live/7yd-jMk7lIs?si=BkZJxvL0udkt22x2&t=368
2024/11/15,FG ROADSTER,FLOW GLOW,【縦型 / 歌枠】5曲ホロ曲を歌って去る歌枠！腹から声出せ！【音乃瀬奏】,0:14:09,https://www.youtube.com/live/7yd-jMk7lIs?si=BkZJxvL0udkt22x2&t=849
2024/11/15,ビビデバ,星街すいせい,【縦型 / 歌枠】5曲ホロ曲を歌って去る歌枠！腹から声出せ！【音乃瀬奏】,0:20:42,https://www.youtube.com/live/7yd-jMk7lIs?si=BkZJxvL0udkt22x2&t=1242
2024/11/15,GHOST (アカペラ）,星街すいせい,【縦型 / 歌枠】5曲ホロ曲を歌って去る歌枠！腹から声出せ！【音乃瀬奏】,0:26:55,https://www.youtube.com/live/7yd-jMk7lIs?si=BkZJxvL0udkt22x2&t=1615
2024/11/15,GHOST,星街すいせい,【縦型 / 歌枠】5曲ホロ曲を歌って去る歌枠！腹から声出せ！【音乃瀬奏】,0:32:25,https://www.youtube.com/live/7yd-jMk7lIs?si=BkZJxvL0udkt22x2&t=1945
2024/11/15,Our Bright Parade,hololive IDOL PROJECT,【縦型 / 歌枠】5曲ホロ曲を歌って去る歌枠！腹から声出せ！【音乃瀬奏】,0:39:10,https://www.youtube.com/live/7yd-jMk7lIs?si=BkZJxvL0udkt22x2&t=2350
2025/01/05,熱愛発覚中,椎名林檎と中田ヤスタカ(CAPSULE),【 歌枠 】椎名林檎&東京事変縛りの歌枠【音乃瀬奏】,00:07:03,https://www.youtube.com/live/oc2y-TNCA-g?si=eD8jjAfB1kyNWwEv&t=423
2025/01/05,殺し屋危機一髪,"SOIL&""PIMP""SESSIONSと椎名林檎",【 歌枠 】椎名林檎&東京事変縛りの歌枠【音乃瀬奏】,00:12:42,https://www.youtube.com/live/oc2y-TNCA-g?si=eD8jjAfB1kyNWwEv&t=762
2025/01/05,長く短い祭,椎名林檎,【 歌枠 】椎名林檎&東京事変縛りの歌枠【音乃瀬奏】,00:17:09,https://www.youtube.com/live/oc2y-TNCA-g?si=eD8jjAfB1kyNWwEv&t=1029
2025/01/05,神様、仏様,椎名林檎,【 歌枠 】椎名林檎&東京事変縛りの歌枠【音乃瀬奏】,00:23:14,https://www.youtube.com/live/oc2y-TNCA-g?si=eD8jjAfB1kyNWwEv&t=1394
2025/01/05,OSCA,東京事変,【 歌枠 】椎名林檎&東京事変縛りの歌枠【音乃瀬奏】,00:28:24,https://www.youtube.com/live/oc2y-TNCA-g?si=eD8jjAfB1kyNWwEv&t=1704
2025/01/05,本能,椎名林檎,【 歌枠 】椎名林檎&東京事変縛りの歌枠【音乃瀬奏】,00:34:26,https://www.youtube.com/live/oc2y-TNCA-g?si=eD8jjAfB1kyNWwEv&t=2066
2025/01/05,公然の秘密,椎名林檎,【 歌枠 】椎名林檎&東京事変縛りの歌枠【音乃瀬奏】,00:40:21,https://www.youtube.com/live/oc2y-TNCA-g?si=eD8jjAfB1kyNWwEv&t=2421
2025/01/05,丸ノ内サディスティック,椎名林檎,【 歌枠 】椎名林檎&東京事変縛りの歌枠【音乃瀬奏】,00:44:55,https://www.youtube.com/live/oc2y-TNCA-g?si=eD8jjAfB1kyNWwEv&t=2695
2025/01/05,人生は夢だらけ,椎名林檎,【 歌枠 】椎名林檎&東京事変縛りの歌枠【音乃瀬奏】,00:50:14,https://www.youtube.com/live/oc2y-TNCA-g?si=eD8jjAfB1kyNWwEv&t=3014
2025/01/05,女の子は誰でも,東京事変,【 歌枠 】椎名林檎&東京事変縛りの歌枠【音乃瀬奏】,00:56:15,https://www.youtube.com/live/oc2y-TNCA-g?si=eD8jjAfB1kyNWwEv&t=3375
2025/01/16,地球儀,米津玄師,【 歌枠 / 縦型 】収録帰りのゆるゆる衝動的歌枠～【音乃瀬奏】,0:04:02,https://www.youtube.com/live/sjJUx-I2Rro?si=o_79YIgMHNaPxj-v&t=242
2025/01/16,ムーンライト,星街すいせい,【 歌枠 / 縦型 】収録帰りのゆるゆる衝動的歌枠～【音乃瀬奏】,0:09:46,https://www.youtube.com/live/sjJUx-I2Rro?si=o_79YIgMHNaPxj-v&t=586
2025/01/16,ちるちる,Reol,【 歌枠 / 縦型 】収録帰りのゆるゆる衝動的歌枠～【音乃瀬奏】,0:14:36,https://www.youtube.com/live/sjJUx-I2Rro?si=o_79YIgMHNaPxj-v&t=876
2025/01/16,煩悩遊戯,Reol,【 歌枠 / 縦型 】収録帰りのゆるゆる衝動的歌枠～【音乃瀬奏】,0:19:17,https://www.youtube.com/live/sjJUx-I2Rro?si=o_79YIgMHNaPxj-v&t=1157
2025/01/16,Subtitle,Official髭男dism,【 歌枠 / 縦型 】収録帰りのゆるゆる衝動的歌枠～【音乃瀬奏】,0:25:10,https://www.youtube.com/live/sjJUx-I2Rro?si=o_79YIgMHNaPxj-v&t=1510
2025/01/16,風を食む,ヨルシカ,【 歌枠 / 縦型 】収録帰りのゆるゆる衝動的歌枠～【音乃瀬奏】,0:31:40,https://www.youtube.com/live/sjJUx-I2Rro?si=o_79YIgMHNaPxj-v&t=1900
2025/01/16,泡沫メイビー,ReGLOSS,【 歌枠 / 縦型 】収録帰りのゆるゆる衝動的歌枠～【音乃瀬奏】,0:38:40,https://www.youtube.com/live/sjJUx-I2Rro?si=o_79YIgMHNaPxj-v&t=2320
2025/01/16,LAKI MODE,ReGLOSS,【 歌枠 / 縦型 】収録帰りのゆるゆる衝動的歌枠～【音乃瀬奏】,0:42:31,https://www.youtube.com/live/sjJUx-I2Rro?si=o_79YIgMHNaPxj-v&t=2551
2025/01/16,なんでもないや,RADWIMPS,【 歌枠 / 縦型 】収録帰りのゆるゆる衝動的歌枠～【音乃瀬奏】,0:46:37,https://www.youtube.com/live/sjJUx-I2Rro?si=o_79YIgMHNaPxj-v&t=2797
2025/01/16,Our Bright Parade,hololive IDOL PROJECT,【 歌枠 / 縦型 】収録帰りのゆるゆる衝動的歌枠～【音乃瀬奏】,0:55:04,https://www.youtube.com/live/sjJUx-I2Rro?si=o_79YIgMHNaPxj-v&t=3304
2025/01/16,変わらないもの,奥 華子,【 歌枠 / 縦型 】収録帰りのゆるゆる衝動的歌枠～【音乃瀬奏】,1:00:39,https://www.youtube.com/live/sjJUx-I2Rro?si=o_79YIgMHNaPxj-v&t=3639
2025/01/27,気まぐれロマンティック,いきものがかり,【 歌枠 / 縦型 】60万人目指して歌うよー！！【音乃瀬奏】,00:07:28,https://www.youtube.com/live/T4tyP1lqd_E?si=nG54RamncudT0cOA&t=448
2025/01/27,花になって,緑黄色社会,【 歌枠 / 縦型 】60万人目指して歌うよー！！【音乃瀬奏】,00:13:33,https://www.youtube.com/live/T4tyP1lqd_E?si=nG54RamncudT0cOA&t=813
2025/01/27,Mela!,緑黄色社会,【 歌枠 / 縦型 】60万人目指して歌うよー！！【音乃瀬奏】,00:18:02,https://www.youtube.com/live/T4tyP1lqd_E?si=nG54RamncudT0cOA&t=1082
2025/01/27,ビビデバ,星街すいせい,【 歌枠 / 縦型 】60万人目指して歌うよー！！【音乃瀬奏】,00:24:02,https://www.youtube.com/live/T4tyP1lqd_E?si=nG54RamncudT0cOA&t=1442
2025/01/27,はいよろこんで,こっちのけんと,【 歌枠 / 縦型 】60万人目指して歌うよー！！【音乃瀬奏】,00:28:02,https://www.youtube.com/live/T4tyP1lqd_E?si=nG54RamncudT0cOA&t=1682
2025/01/27,鱗,秦 基博,【 歌枠 / 縦型 】60万人目指して歌うよー！！【音乃瀬奏】,00:31:45,https://www.youtube.com/live/T4tyP1lqd_E?si=nG54RamncudT0cOA&t=1905
2025/01/27,コネクト,ClariS,【 歌枠 / 縦型 】60万人目指して歌うよー！！【音乃瀬奏】,00:38:06,https://www.youtube.com/live/T4tyP1lqd_E?si=nG54RamncudT0cOA&t=2286
2025/01/27,星座になれたら,結束バンド,【 歌枠 / 縦型 】60万人目指して歌うよー！！【音乃瀬奏】,00:43:30,https://www.youtube.com/live/T4tyP1lqd_E?si=nG54RamncudT0cOA&t=2610
2025/01/27,キラメキライダー☆,hololive IDOL PROJECT,【 歌枠 / 縦型 】60万人目指して歌うよー！！【音乃瀬奏】,00:48:49,https://www.youtube.com/live/T4tyP1lqd_E?si=nG54RamncudT0cOA&t=2929
2025/01/27,それがあなたの幸せとしても,Heavenz,【 歌枠 / 縦型 】60万人目指して歌うよー！！【音乃瀬奏】,00:55:16,https://www.youtube.com/live/T4tyP1lqd_E?si=nG54RamncudT0cOA&t=3316
2025/01/27,ベテルギウス,優里,【 歌枠 / 縦型 】60万人目指して歌うよー！！【音乃瀬奏】,01:00:42,https://www.youtube.com/live/T4tyP1lqd_E?si=nG54RamncudT0cOA&t=3642
2025/01/27,悪魔の子,ヒグチアイ,【 歌枠 / 縦型 】60万人目指して歌うよー！！【音乃瀬奏】,01:05:38,https://www.youtube.com/live/T4tyP1lqd_E?si=nG54RamncudT0cOA&t=3938
2025/01/27,人生は夢だらけ,椎名林檎,【 歌枠 / 縦型 】60万人目指して歌うよー！！【音乃瀬奏】,01:11:08,https://www.youtube.com/live/T4tyP1lqd_E?si=nG54RamncudT0cOA&t=4268
2025/01/27,Our Bright Parade,hololive IDOL PROJECT,【 歌枠 / 縦型 】60万人目指して歌うよー！！【音乃瀬奏】,01:15:45,https://www.youtube.com/live/T4tyP1lqd_E?si=nG54RamncudT0cOA&t=4545
2025/01/27,フィーリングラデーション,ReGLOSS,【 歌枠 / 縦型 】60万人目指して歌うよー！！【音乃瀬奏】,01:24:45,https://www.youtube.com/live/T4tyP1lqd_E?si=nG54RamncudT0cOA&t=5085
2025/01/27,FG ROADSTER,FLOW GLOW,【 歌枠 / 縦型 】60万人目指して歌うよー！！【音乃瀬奏】,01:35:40,https://www.youtube.com/live/T4tyP1lqd_E?si=nG54RamncudT0cOA&t=5740
2025/01/27,モニタリング,DECO*27,【 歌枠 / 縦型 】60万人目指して歌うよー！！【音乃瀬奏】,01:42:54,https://www.youtube.com/live/T4tyP1lqd_E?si=nG54RamncudT0cOA&t=6174
2025/01/27,さよーならまたいつか！ 【アカペラ】,米津玄師,【 歌枠 / 縦型 】60万人目指して歌うよー！！【音乃瀬奏】,01:50:06,https://www.youtube.com/live/T4tyP1lqd_E?si=nG54RamncudT0cOA&t=6606
2025/01/27,ファンサ,HoneyWorks,【 歌枠 / 縦型 】60万人目指して歌うよー！！【音乃瀬奏】,01:54:07,https://www.youtube.com/live/T4tyP1lqd_E?si=nG54RamncudT0cOA&t=6847
2025/02/21,百花繚乱,幾田りら,【 歌枠 / 縦型 】【音乃瀬奏】,0:03:05,https://www.youtube.com/live/9wtCB53TKo4?si=O4M3x1s01bYArrD6&t=185
2025/02/21,ワールドイズマイン,ryo (supercell),【 歌枠 / 縦型 】【音乃瀬奏】,0:08:29,https://www.youtube.com/live/9wtCB53TKo4?si=O4M3x1s01bYArrD6&t=509
2025/02/21,さよーならまたいつか！,米津玄師,【 歌枠 / 縦型 】【音乃瀬奏】,0:14:25,https://www.youtube.com/live/9wtCB53TKo4?si=O4M3x1s01bYArrD6&t=865
2025/02/21,接吻,ORIGINAL LOVE,【 歌枠 / 縦型 】【音乃瀬奏】,0:21:02,https://www.youtube.com/live/9wtCB53TKo4?si=O4M3x1s01bYArrD6&t=1262
2025/02/21,プラスティック・ラブ,竹内まりや,【 歌枠 / 縦型 】【音乃瀬奏】,0:27:20,https://www.youtube.com/live/9wtCB53TKo4?si=O4M3x1s01bYArrD6&t=1640
2025/02/21,鬼ノ宴,友成空,【 歌枠 / 縦型 】【音乃瀬奏】,0:33:24,https://www.youtube.com/live/9wtCB53TKo4?si=O4M3x1s01bYArrD6&t=2004
2025/02/21,晴る,ヨルシカ,【 歌枠 / 縦型 】【音乃瀬奏】,0:39:19,https://www.youtube.com/live/9wtCB53TKo4?si=O4M3x1s01bYArrD6&t=2359
2025/02/21,Lemon,米津玄師,【 歌枠 / 縦型 】【音乃瀬奏】,0:45:41,https://www.youtube.com/live/9wtCB53TKo4?si=O4M3x1s01bYArrD6&t=2741
2025/02/21,夜明けと蛍,n-buna,【 歌枠 / 縦型 】【音乃瀬奏】,0:50:44,https://www.youtube.com/live/9wtCB53TKo4?si=O4M3x1s01bYArrD6&t=3044
2025/02/21,Luna say maybe,月村手毬,【 歌枠 / 縦型 】【音乃瀬奏】,0:57:02,https://www.youtube.com/live/9wtCB53TKo4?si=O4M3x1s01bYArrD6&t=3422
2025/02/21,モニタリング,DECO*27,【 歌枠 / 縦型 】【音乃瀬奏】,1:05:15,https://www.youtube.com/live/9wtCB53TKo4?si=O4M3x1s01bYArrD6&t=3915
2025/02/21,晩餐歌,tuki.,【 歌枠 / 縦型 】【音乃瀬奏】,1:11:55,https://www.youtube.com/live/9wtCB53TKo4?si=O4M3x1s01bYArrD6&t=4315
2025/02/21,ソワレ,星街すいせい,【 歌枠 / 縦型 】【音乃瀬奏】,1:18:31,https://www.youtube.com/live/9wtCB53TKo4?si=O4M3x1s01bYArrD6&t=4711
2025/02/21,フィーリングラデーション,ReGLOSS,【 歌枠 / 縦型 】【音乃瀬奏】,1:27:20,https://www.youtube.com/live/9wtCB53TKo4?si=O4M3x1s01bYArrD6&t=5240
2025/02/21,地球儀,米津玄師,【 歌枠 / 縦型 】【音乃瀬奏】,1:33:49,https://www.youtube.com/live/9wtCB53TKo4?si=O4M3x1s01bYArrD6&t=5629
2025/02/21,メフィスト,女王蜂,【 歌枠 / 縦型 】【音乃瀬奏】,1:40:47,https://www.youtube.com/live/9wtCB53TKo4?si=O4M3x1s01bYArrD6&t=6047
2025/02/21,唱,Ado,【 歌枠 / 縦型 】【音乃瀬奏】,1:47:15,https://www.youtube.com/live/9wtCB53TKo4?si=O4M3x1s01bYArrD6&t=6435
2025/02/21,紅蓮華,LiSA,【 歌枠 / 縦型 】【音乃瀬奏】,1:53:06,https://www.youtube.com/live/9wtCB53TKo4?si=O4M3x1s01bYArrD6&t=6786
2025/04/07,Color Rise Harmony,hololive IDOL PROJECT,【 歌枠 / 縦型 】ボイトレ帰りの歌枠！🎵【音乃瀬奏】,0:02:48,https://www.youtube.com/live/m0gb_Xt8AsE?si=8Rl5buz8nafQh-8F&t=168
2025/04/07,春を告げる,yama,【 歌枠 / 縦型 】ボイトレ帰りの歌枠！🎵【音乃瀬奏】,0:09:13,https://www.youtube.com/live/m0gb_Xt8AsE?si=8Rl5buz8nafQh-8F&t=553
2025/04/07,メーベル,バルーン,【 歌枠 / 縦型 】ボイトレ帰りの歌枠！🎵【音乃瀬奏】,0:15:10,https://www.youtube.com/live/m0gb_Xt8AsE?si=8Rl5buz8nafQh-8F&t=910
2025/04/07,フォニイ,ツミキ feat. 可不,【 歌枠 / 縦型 】ボイトレ帰りの歌枠！🎵【音乃瀬奏】,0:19:34,https://www.youtube.com/live/m0gb_Xt8AsE?si=8Rl5buz8nafQh-8F&t=1174
2025/04/07,Catch the Moment,LiSA,【 歌枠 / 縦型 】ボイトレ帰りの歌枠！🎵【音乃瀬奏】,0:24:49,https://www.youtube.com/live/m0gb_Xt8AsE?si=8Rl5buz8nafQh-8F&t=1489
2025/04/07,百花繚乱,幾田りら,【 歌枠 / 縦型 】ボイトレ帰りの歌枠！🎵【音乃瀬奏】,0:31:07,https://www.youtube.com/live/m0gb_Xt8AsE?si=8Rl5buz8nafQh-8F&t=1867
2025/04/07,さよーならまたいつか！,米津玄師,【 歌枠 / 縦型 】ボイトレ帰りの歌枠！🎵【音乃瀬奏】,0:36:52,https://www.youtube.com/live/m0gb_Xt8AsE?si=8Rl5buz8nafQh-8F&t=2212
2025/04/07,怪獣,sakanaction,【 歌枠 / 縦型 】ボイトレ帰りの歌枠！🎵【音乃瀬奏】,0:42:58,https://www.youtube.com/live/m0gb_Xt8AsE?si=8Rl5buz8nafQh-8F&t=2578
2025/04/07,BOW AND ARROW,米津玄師,【 歌枠 / 縦型 】ボイトレ帰りの歌枠！🎵【音乃瀬奏】,0:50:46,https://www.youtube.com/live/m0gb_Xt8AsE?si=8Rl5buz8nafQh-8F&t=3046
2025/04/07,サクラミラージュ,ReGLOSS,【 歌枠 / 縦型 】ボイトレ帰りの歌枠！🎵【音乃瀬奏】,0:55:56,https://www.youtube.com/live/m0gb_Xt8AsE?si=8Rl5buz8nafQh-8F&t=3356
2025/04/07,メルト,ryo (supercell),【 歌枠 / 縦型 】ボイトレ帰りの歌枠！🎵【音乃瀬奏】,1:03:44,https://www.youtube.com/live/m0gb_Xt8AsE?si=8Rl5buz8nafQh-8F&t=3824
2025/04/13,Capture the Moment,hololive IDOL PROJECT,【 重大告知 】歌います！【音乃瀬奏】,0:05:37,https://www.youtube.com/live/iLbRY5jwGoE?si=DSLs5DdFxV-gTnN7&t=337
2025/04/13,フラジール,ぬゆり,【 重大告知 】歌います！【音乃瀬奏】,0:11:07,https://www.youtube.com/live/iLbRY5jwGoE?si=DSLs5DdFxV-gTnN7&t=667
2025/04/13,忘れてください,ヨルシカ,【 重大告知 】歌います！【音乃瀬奏】,0:16:29,https://www.youtube.com/live/iLbRY5jwGoE?si=DSLs5DdFxV-gTnN7&t=989
2025/04/13,晴る,ヨルシカ,【 重大告知 】歌います！【音乃瀬奏】,0:21:03,https://www.youtube.com/live/iLbRY5jwGoE?si=DSLs5DdFxV-gTnN7&t=1263
2025/04/13,ハロ／ハワユ,ナノウ,【 重大告知 】歌います！【音乃瀬奏】,0:27:10,https://www.youtube.com/live/iLbRY5jwGoE?si=DSLs5DdFxV-gTnN7&t=1630
2025/04/13,翡翠のまち,メル feat. 初音ミク,【 重大告知 】歌います！【音乃瀬奏】,0:32:33,https://www.youtube.com/live/iLbRY5jwGoE?si=DSLs5DdFxV-gTnN7&t=1953
2025/04/13,カタオモイ,Aimer,【 重大告知 】歌います！【音乃瀬奏】,0:38:28,https://www.youtube.com/live/iLbRY5jwGoE?si=DSLs5DdFxV-gTnN7&t=2308
2025/04/17,ひまわりの約束,秦 基博,【 歌枠 】ノープラン歌枠だｧ＾＿＾【音乃瀬奏】,0:03:38,https://www.youtube.com/live/Qw3m2ysjEkA?si=QWLi3LKJgQT1DibQ&t=218
2025/04/17,相思相愛,aiko,【 歌枠 】ノープラン歌枠だｧ＾＿＾【音乃瀬奏】,0:11:23,https://www.youtube.com/live/Qw3m2ysjEkA?si=QWLi3LKJgQT1DibQ&t=683
2025/04/17,ただ君に晴れ,ヨルシカ,【 歌枠 】ノープラン歌枠だｧ＾＿＾【音乃瀬奏】,0:18:28,https://www.youtube.com/live/Qw3m2ysjEkA?si=QWLi3LKJgQT1DibQ&t=1108
2025/04/17,サクラキミワタシ,tuki.,【 歌枠 】ノープラン歌枠だｧ＾＿＾【音乃瀬奏】,0:24:38,https://www.youtube.com/live/Qw3m2ysjEkA?si=QWLi3LKJgQT1DibQ&t=1478
2025/04/17,コネクト,ClariS,【 歌枠 】ノープラン歌枠だｧ＾＿＾【音乃瀬奏】,0:30:11,https://www.youtube.com/live/Qw3m2ysjEkA?si=QWLi3LKJgQT1DibQ&t=1811
2025/04/17,secret base ～君がくれたもの～,ZONE,【 歌枠 】ノープラン歌枠だｧ＾＿＾【音乃瀬奏】,0:35:50,https://www.youtube.com/live/Qw3m2ysjEkA?si=QWLi3LKJgQT1DibQ&t=2150
2025/04/17,Pretender,Official髭男dism,【 歌枠 】ノープラン歌枠だｧ＾＿＾【音乃瀬奏】,0:44:03,https://www.youtube.com/live/Qw3m2ysjEkA?si=QWLi3LKJgQT1DibQ&t=2643
2025/04/17,Luna say maybe,月村手毬,【 歌枠 】ノープラン歌枠だｧ＾＿＾【音乃瀬奏】,0:51:45,https://www.youtube.com/live/Qw3m2ysjEkA?si=QWLi3LKJgQT1DibQ&t=3105
2025/04/17,Color Rise Harmony,hololive IDOL PROJECT,【 歌枠 】ノープラン歌枠だｧ＾＿＾【音乃瀬奏】,0:57:46,https://www.youtube.com/live/Qw3m2ysjEkA?si=QWLi3LKJgQT1DibQ&t=3466
2025/04/17,命に嫌われている。,カンザキイオリ,【 歌枠 】ノープラン歌枠だｧ＾＿＾【音乃瀬奏】,1:03:37,https://www.youtube.com/live/Qw3m2ysjEkA?si=QWLi3LKJgQT1DibQ&t=3817
2025/05/30,スキスキ絶頂症,koyori（電ポルP）,【 歌枠 】自己満【音乃瀬奏】,0:06:23,https://www.youtube.com/live/_Q3feRXFUbI?si=UMkwdN1tsYg5XGd_&t=383
2025/05/30,どうにかなっちゃいそう！,NOMELON NOLEMON,【 歌枠 】自己満【音乃瀬奏】,0:11:29,https://www.youtube.com/live/_Q3feRXFUbI?si=UMkwdN1tsYg5XGd_&t=689
2025/05/30,メタモリボン,emon(Tes.),【 歌枠 】自己満【音乃瀬奏】,0:16:28,https://www.youtube.com/live/_Q3feRXFUbI?si=UMkwdN1tsYg5XGd_&t=988
2025/05/30,Awake Now,雄之助 feat. 初音ミク,【 歌枠 】自己満【音乃瀬奏】,0:21:15,https://www.youtube.com/live/_Q3feRXFUbI?si=UMkwdN1tsYg5XGd_&t=1275
2025/05/30,Gimme×Gimme,八王子P × Giga,【 歌枠 】自己満【音乃瀬奏】,0:25:41,https://www.youtube.com/live/_Q3feRXFUbI?si=UMkwdN1tsYg5XGd_&t=1541
2025/05/30,秘密,東京事変,【 歌枠 】自己満【音乃瀬奏】,0:30:18,https://www.youtube.com/live/_Q3feRXFUbI?si=UMkwdN1tsYg5XGd_&t=1818
2025/05/30,ドラ1独走,椎名林檎と新しい学校のリーダーズ,【 歌枠 】自己満【音乃瀬奏】,0:35:33,https://www.youtube.com/live/_Q3feRXFUbI?si=UMkwdN1tsYg5XGd_&t=2133
2025/05/30,ドーパミント！,東京事変,【 歌枠 】自己満【音乃瀬奏】,0:39:33,https://www.youtube.com/live/_Q3feRXFUbI?si=UMkwdN1tsYg5XGd_&t=2373
2025/05/30,余所事,におP,【 歌枠 】自己満【音乃瀬奏】,0:44:00,https://www.youtube.com/live/_Q3feRXFUbI?si=UMkwdN1tsYg5XGd_&t=2640
2025/05/30,MIND CIRCUS,中谷美紀,【 歌枠 】自己満【音乃瀬奏】,0:49:03,https://www.youtube.com/live/_Q3feRXFUbI?si=UMkwdN1tsYg5XGd_&t=2943
2025/05/30,GREATEST,音乃瀬奏,【 歌枠 】自己満【音乃瀬奏】,0:56:49,https://www.youtube.com/live/_Q3feRXFUbI?si=UMkwdN1tsYg5XGd_&t=3409
2025/06/07,モニタリング,DECO*27,【 歌枠 】70万人を目指しましょうの歌枠【音乃瀬奏】,0:05:44,https://www.youtube.com/live/gT1ARDYPxPs?si=Oi1CIPsL-Le7IQ8L&t=344
2025/06/07,ゴーストルール,DECO*27 feat. 初音ミク,【 歌枠 】70万人を目指しましょうの歌枠【音乃瀬奏】,0:11:31,https://www.youtube.com/live/gT1ARDYPxPs?si=Oi1CIPsL-Le7IQ8L&t=691
2025/06/07,フォニイ,ツミキ feat. 可不,【 歌枠 】70万人を目指しましょうの歌枠【音乃瀬奏】,0:16:00,https://www.youtube.com/live/gT1ARDYPxPs?si=Oi1CIPsL-Le7IQ8L&t=960
2025/06/07,ハイド・アンド・シーク,NOMELON NOLEMON,【 歌枠 】70万人を目指しましょうの歌枠【音乃瀬奏】,0:20:56,https://www.youtube.com/live/gT1ARDYPxPs?si=Oi1CIPsL-Le7IQ8L&t=1256
2025/06/07,カルチャ,ツミキ,【 歌枠 】70万人を目指しましょうの歌枠【音乃瀬奏】,0:25:28,https://www.youtube.com/live/gT1ARDYPxPs?si=Oi1CIPsL-Le7IQ8L&t=1528
2025/06/07,アイドル,YOASOBI,【 歌枠 】70万人を目指しましょうの歌枠【音乃瀬奏】,0:29:24,https://www.youtube.com/live/gT1ARDYPxPs?si=Oi1CIPsL-Le7IQ8L&t=1764
2025/06/07,怪物,YOASOBI,【 歌枠 】70万人を目指しましょうの歌枠【音乃瀬奏】,0:34:13,https://www.youtube.com/live/gT1ARDYPxPs?si=Oi1CIPsL-Le7IQ8L&t=2053
2025/06/07,百花繚乱,幾田りら,【 歌枠 】70万人を目指しましょうの歌枠【音乃瀬奏】,0:38:24,https://www.youtube.com/live/gT1ARDYPxPs?si=Oi1CIPsL-Le7IQ8L&t=2304
2025/06/07,風,Guiano feat. 裏命,【 歌枠 】70万人を目指しましょうの歌枠【音乃瀬奏】,0:42:34,https://www.youtube.com/live/gT1ARDYPxPs?si=Oi1CIPsL-Le7IQ8L&t=2554
2025/06/07,メーベル,バルーン,【 歌枠 】70万人を目指しましょうの歌枠【音乃瀬奏】,0:49:27,https://www.youtube.com/live/gT1ARDYPxPs?si=Oi1CIPsL-Le7IQ8L&t=2967
2025/06/07,気まぐれメルシィ,八王子P,【 歌枠 】70万人を目指しましょうの歌枠【音乃瀬奏】,1:00:50,https://www.youtube.com/live/gT1ARDYPxPs?si=Oi1CIPsL-Le7IQ8L&t=3650
2025/06/07,ガランド,ピコン,【 歌枠 】70万人を目指しましょうの歌枠【音乃瀬奏】,1:05:38,https://www.youtube.com/live/gT1ARDYPxPs?si=Oi1CIPsL-Le7IQ8L&t=3938
2025/06/07,Flyer!,Chinozo,【 歌枠 】70万人を目指しましょうの歌枠【音乃瀬奏】,1:09:15,https://www.youtube.com/live/gT1ARDYPxPs?si=Oi1CIPsL-Le7IQ8L&t=4155
2025/06/07,CH4NGE,Giga,【 歌枠 】70万人を目指しましょうの歌枠【音乃瀬奏】,1:13:55,https://www.youtube.com/live/gT1ARDYPxPs?si=Oi1CIPsL-Le7IQ8L&t=4435
2025/06/07,Ready Steady,Giga,【 歌枠 】70万人を目指しましょうの歌枠【音乃瀬奏】,1:19:43,https://www.youtube.com/live/gT1ARDYPxPs?si=Oi1CIPsL-Le7IQ8L&t=4783
2025/06/07,drop pop candy,Reol,【 歌枠 】70万人を目指しましょうの歌枠【音乃瀬奏】,1:26:04,https://www.youtube.com/live/gT1ARDYPxPs?si=Oi1CIPsL-Le7IQ8L&t=5164
2025/06/07,メリュー,n-buna,【 歌枠 】70万人を目指しましょうの歌枠【音乃瀬奏】,1:32:56,https://www.youtube.com/live/gT1ARDYPxPs?si=Oi1CIPsL-Le7IQ8L&t=5576
2025/06/07,ストリーミングハート,DECO*27,【 歌枠 】70万人を目指しましょうの歌枠【音乃瀬奏】,1:43:21,https://www.youtube.com/live/gT1ARDYPxPs?si=Oi1CIPsL-Le7IQ8L&t=6201
2025/06/07,再教育,Neru,【 歌枠 】70万人を目指しましょうの歌枠【音乃瀬奏】,1:47:37,https://www.youtube.com/live/gT1ARDYPxPs?si=Oi1CIPsL-Le7IQ8L&t=6457
2025/06/07,ノウナイディスコ,r-906,【 歌枠 】70万人を目指しましょうの歌枠【音乃瀬奏】,1:50:34,https://www.youtube.com/live/gT1ARDYPxPs?si=Oi1CIPsL-Le7IQ8L&t=6634
2025/06/07,愛して愛して愛して,きくお,【 歌枠 】70万人を目指しましょうの歌枠【音乃瀬奏】,1:56:13,https://www.youtube.com/live/gT1ARDYPxPs?si=Oi1CIPsL-Le7IQ8L&t=6973
2025/06/07,daze,じん,【 歌枠 】70万人を目指しましょうの歌枠【音乃瀬奏】,2:02:50,https://www.youtube.com/live/gT1ARDYPxPs?si=Oi1CIPsL-Le7IQ8L&t=7370
2025/06/07,Calc.,ジミーサムP,【 歌枠 】70万人を目指しましょうの歌枠【音乃瀬奏】,2:10:56,https://www.youtube.com/live/gT1ARDYPxPs?si=Oi1CIPsL-Le7IQ8L&t=7856
2025/06/07,雨音ノイズ,40mP,【 歌枠 】70万人を目指しましょうの歌枠【音乃瀬奏】,2:18:33,https://www.youtube.com/live/gT1ARDYPxPs?si=Oi1CIPsL-Le7IQ8L&t=8313
2025/06/07,脳漿炸裂ガール,れるりり,【 歌枠 】70万人を目指しましょうの歌枠【音乃瀬奏】,2:22:42,https://www.youtube.com/live/gT1ARDYPxPs?si=Oi1CIPsL-Le7IQ8L&t=8562
2025/06/07,死んでしまったんだ,椎乃味醂,【 歌枠 】70万人を目指しましょうの歌枠【音乃瀬奏】,2:27:20,https://www.youtube.com/live/gT1ARDYPxPs?si=Oi1CIPsL-Le7IQ8L&t=8840
2025/06/07,生きる,水野あつ feat. 可不,【 歌枠 】70万人を目指しましょうの歌枠【音乃瀬奏】,2:29:41,https://www.youtube.com/live/gT1ARDYPxPs?si=Oi1CIPsL-Le7IQ8L&t=8981
2025/06/07,ワールドイズマイン,ryo (supercell),【 歌枠 】70万人を目指しましょうの歌枠【音乃瀬奏】,2:34:26,https://www.youtube.com/live/gT1ARDYPxPs?si=Oi1CIPsL-Le7IQ8L&t=9266
2025/06/07,メランコリック,Junky feat. 鏡音リン,【 歌枠 】70万人を目指しましょうの歌枠【音乃瀬奏】,2:39:46,https://www.youtube.com/live/gT1ARDYPxPs?si=Oi1CIPsL-Le7IQ8L&t=9586
2025/06/07,いーあるふぁんくらぶ,みきとP,【 歌枠 】70万人を目指しましょうの歌枠【音乃瀬奏】,2:44:07,https://www.youtube.com/live/gT1ARDYPxPs?si=Oi1CIPsL-Le7IQ8L&t=9847
2025/06/07,クノイチでも恋がしたい,みきとP,【 歌枠 】70万人を目指しましょうの歌枠【音乃瀬奏】,2:49:23,https://www.youtube.com/live/gT1ARDYPxPs?si=Oi1CIPsL-Le7IQ8L&t=10163
2025/06/07,恋愛裁判,40mP,【 歌枠 】70万人を目指しましょうの歌枠【音乃瀬奏】,2:56:21,https://www.youtube.com/live/gT1ARDYPxPs?si=Oi1CIPsL-Le7IQ8L&t=10581
2025/06/07,ゆるふわ樹海ガール ,石風呂,【 歌枠 】70万人を目指しましょうの歌枠【音乃瀬奏】,3:00:59,https://www.youtube.com/live/gT1ARDYPxPs?si=Oi1CIPsL-Le7IQ8L&t=10859
2025/06/07,バレリーコ,みきとP,【 歌枠 】70万人を目指しましょうの歌枠【音乃瀬奏】,3:03:35,https://www.youtube.com/live/gT1ARDYPxPs?si=Oi1CIPsL-Le7IQ8L&t=11115
2025/06/07,透明エレジー,n-buna,【 歌枠 】70万人を目指しましょうの歌枠【音乃瀬奏】,3:08:21,https://www.youtube.com/live/gT1ARDYPxPs?si=Oi1CIPsL-Le7IQ8L&t=11301
2025/06/07,夜撫でるメノウ,Ayase,【 歌枠 】70万人を目指しましょうの歌枠【音乃瀬奏】,3:18:35,https://www.youtube.com/live/gT1ARDYPxPs?si=Oi1CIPsL-Le7IQ8L&t=11915
2025/06/07,No Logic,ジミーサムP,【 歌枠 】70万人を目指しましょうの歌枠【音乃瀬奏】,3:24:08,https://www.youtube.com/live/gT1ARDYPxPs?si=Oi1CIPsL-Le7IQ8L&t=12248
2025/06/07,夜明けと蛍,n-buna,【 歌枠 】70万人を目指しましょうの歌枠【音乃瀬奏】,3:37:12,https://www.youtube.com/live/gT1ARDYPxPs?si=Oi1CIPsL-Le7IQ8L&t=13032
2025/06/07,三日月ステップ,r-906,【 歌枠 】70万人を目指しましょうの歌枠【音乃瀬奏】,3:43:12,https://www.youtube.com/live/gT1ARDYPxPs?si=Oi1CIPsL-Le7IQ8L&t=13392
2025/06/07,少女レイ,みきとP,【 歌枠 】70万人を目指しましょうの歌枠【音乃瀬奏】,3:50:38,https://www.youtube.com/live/gT1ARDYPxPs?si=Oi1CIPsL-Le7IQ8L&t=13838
2025/06/07,キューピット,Kai,【 歌枠 】70万人を目指しましょうの歌枠【音乃瀬奏】,3:58:00,https://www.youtube.com/live/gT1ARDYPxPs?si=Oi1CIPsL-Le7IQ8L&t=14280
2025/06/07,炉心融解,iroha(sasaki),【 歌枠 】70万人を目指しましょうの歌枠【音乃瀬奏】,4:00:25,https://www.youtube.com/live/gT1ARDYPxPs?si=Oi1CIPsL-Le7IQ8L&t=14425
2025/06/07,ハロ／ハワユ,ナノウ,【 歌枠 】70万人を目指しましょうの歌枠【音乃瀬奏】,4:07:28,https://www.youtube.com/live/gT1ARDYPxPs?si=Oi1CIPsL-Le7IQ8L&t=14848
2025/06/07,夜もすがら君想ふ,TOKOTOKO(西沢さんP),【 歌枠 】70万人を目指しましょうの歌枠【音乃瀬奏】,4:17:57,https://www.youtube.com/live/gT1ARDYPxPs?si=Oi1CIPsL-Le7IQ8L&t=15477
2025/06/07,Mela!,緑黄色社会,【 歌枠 】70万人を目指しましょうの歌枠【音乃瀬奏】,4:24:19,https://www.youtube.com/live/gT1ARDYPxPs?si=Oi1CIPsL-Le7IQ8L&t=15859
2025/06/07,晴る,ヨルシカ,【 歌枠 】70万人を目指しましょうの歌枠【音乃瀬奏】,4:29:02,https://www.youtube.com/live/gT1ARDYPxPs?si=Oi1CIPsL-Le7IQ8L&t=16142
2025/06/07,泡沫メイビー,ReGLOSS,【 歌枠 】70万人を目指しましょうの歌枠【音乃瀬奏】,4:35:39,https://www.youtube.com/live/gT1ARDYPxPs?si=Oi1CIPsL-Le7IQ8L&t=16539
2025/06/07,瞬間ハートビート,ReGLOSS,【 歌枠 】70万人を目指しましょうの歌枠【音乃瀬奏】,4:40:16,https://www.youtube.com/live/gT1ARDYPxPs?si=Oi1CIPsL-Le7IQ8L&t=16816
2025/06/07,bvdiz,ReGLOSS,【 歌枠 】70万人を目指しましょうの歌枠【音乃瀬奏】,4:56:12,https://www.youtube.com/live/gT1ARDYPxPs?si=Oi1CIPsL-Le7IQ8L&t=17772
2025/06/07,フィーリングラデーション,ReGLOSS,【 歌枠 】70万人を目指しましょうの歌枠【音乃瀬奏】,5:00:28,https://www.youtube.com/live/gT1ARDYPxPs?si=Oi1CIPsL-Le7IQ8L&t=18028
2025/06/07,GREATEST,音乃瀬奏,【 歌枠 】70万人を目指しましょうの歌枠【音乃瀬奏】,5:04:54,https://www.youtube.com/live/gT1ARDYPxPs?si=Oi1CIPsL-Le7IQ8L&t=18294
